bonnie,bonnie@example.com,$2a$10$t7Y9sIoMzZJ1zyoOY6HYF.Rc5.6BRgFp/fM4ULrH5MkWc7S2afH1a,1
wilfredo,wilfredo@example.com,$2a$10$9hNZPjEjWqdRZByFxow/9O4Yi18FfWF41c9bbsTEEjc9zTmiSd8jO,2
dan,dan@example.com,$2a$10$IU6u8JVtlV5qtDu.UOsaeuNeo/lYdcKXgXDS6PzKAiSD7TgxnSb8O,3
payton,payton@example.com,$2a$10$SxhgzdAaUQ8cW8XBWlgPle0EFxtvvO0j5U3ONJGoqskqZPIq5fBpa,4
idella,idella@example.com,$2a$10$HTdY3qDw/ODVSdlgViDMGeDM9yX8i1s1AqLp/VO20e2Ttpr1XG9.i,5
sabina,sabina@example.com,$2a$10$IBmpRMGQSnpfpRVuaKxCJuiCCOy8bC/BcZbr/GqEaHyk3xLMfGHpa,6
edward,edward@example.com,$2a$10$AiFH5hqT//ukUvReR.2qLuahq4vs/DPCicY/WaX/iwy9wOZCv1fg.,7
johnnie,johnnie@example.com,$2a$10$h8vs9Lnd6XDNHKDtU2inQu9ZmEENkJlBBR5a5xehjmAtnDn5yZODC,8
randi,randi@example.com,$2a$10$i59/xYRTxH9SQzK8jot7yelJo2I0/WCbiMXIDmAlXVI//RWPQvW8m,9
bryon,bryon@example.com,$2a$10$1ybZQAEkjBZHbTd3MobRhe9n9.c6Va24WFAKLf/fAvvPluSUKSG/y,10
marcella,marcella@example.com,$2a$10$pC4HR/CQ77vNJxLzWPEFM.4KYxog/tx6qgpPZpGSfgkKgMX9J.CDe,11
narciso,narciso@example.com,$2a$10$fGekCLOVSuXJg7ohlMA07.XgeXJDBPnass6DfyM5XpsiuMlwmO9ue,12
keaton,keaton@example.com,$2a$10$WdT5ytOfh2D.1rzxgDSDhelfId37l5C9c7aHAZRjaSr847fGD2eVW,13
verda,verda@example.com,$2a$10$uT7E59b.uvtwRTqYAFOPuu8stfa.KABy869HG296Q2.DshWD9s0v.,14
dee,dee@example.com,$2a$10$ShDwXsVyMcIc8xYeWcQdKug4S24gxhcEKxkwkov/J.Z57zTrRhNS.,15
joaquin,joaquin@example.com,$2a$10$ucB48OgM.lLNC6u8fJpgm.6ziBtVtomYDAHX6m4fi0akXLXfdJhWK,16
shemar,shemar@example.com,$2a$10$v/lcE.vvQhNcl6KJwWJMaerzbNZtxsAlt88i37sy7MvDpJFX4PDsG,17
jayson,jayson@example.com,$2a$10$CO/hmw0RawYzQjEuudfiVeeOdCJxxtxIKP7cjq3cceCY5CmvR5DIS,18
titus,titus@example.com,$2a$10$j3wdwmu9HqSsWfTBi0b2JuoumU6Xg.kxy4f19zu4BVzXROn8TciMi,19
dejah,dejah@example.com,$2a$10$h2BaEKUF1ZtwzozmgoPwduWBcxCizvA8IpyMsznDU72FxbDURpRWG,20
baron,baron@example.com,$2a$10$ewfQBV7nDpQoN5XkAYzkPuliNlTKudhnuesLbXnSWab5h2jLx9w2a,21
gillian,gillian@example.com,$2a$10$oNLBIsI10vOLRzM4yvFthO1ikEDXl.BrlSILeuaAu7I821F52lAjq,22
maye,maye@example.com,$2a$10$nYZF56SJcTW7VpHaxhit3eY.G28GxbX32WKQoppQkoiHstVmsc.Gi,23
margot,margot@example.com,$2a$10$R67y.PV95S2NRfW7hmSUHurufYM0ErW37kJCqowRyIfybwgp4dMY2,24
vita,vita@example.com,$2a$10$aXkv0nk4sZE2EbIPyN7gg.a22DYhdPV360hGsB97jk9T0yTawBEAa,25
lucio,lucio@example.com,$2a$10$GRg.rBqUJuLZ4kbLGnQTDeLrJgfoNrFQLtG9zLymHaY932FOBFrlW,26
seth,seth@example.com,$2a$10$KLP8aePrYVCdllotGsxAjeJOlRSz4TJMU0Vm75okpgZl6DubfWb1e,27
kathryn,kathryn@example.com,$2a$10$xv.fjRDh3xoMbYsAVns0g.Q1Jnvh654wsRv/xETkA.CvmO68O0.Pi,28
jedediah,jedediah@example.com,$2a$10$/tiFRu3mwHXvEK688LH80.p36lEHiJFCWeEza0gtrJQ0MdCXlnhFW,29
janet,janet@example.com,$2a$10$D.sGYVteQ2k/exqVPnOFU.tQN1SbjThwLRi5oO5GJrpjS/GJhY0oO,30
antone,antone@example.com,$2a$10$RVtF/SSKswHT5XRT2y.UZeo/JVb9TCOMck39TfJm/VdNZGuij7s3G,31
lane,lane@example.com,$2a$10$AeNDRuWX.iiaWKJqntz3du.s3Zp.1iJ6.yQZEyEcyy/PPHyVvK4Xi,32
erica,erica@example.com,$2a$10$zs/0420xMwt3vDI2T0.Bw.Nv71QBQIQCd5KNmA57.vQl6dDOhxJs.,33
scarlett,scarlett@example.com,$2a$10$he07JkvRhbdkEHp207dA2.2eKvEalPdxTvzHBG87kF9YEoUA8ruCW,34
casper,casper@example.com,$2a$10$Kl29fHVHB5DpIUCY7itRbeLj3ogDGp3zourw/o3f0Z30du4bhWW6e,35
maximillian,maximillian@example.com,$2a$10$HmLN4fhd4EPUnyOmfMR4oOifDsqVGVH6vcEmx4PkynmXhk9sR2dES,36
rossie,rossie@example.com,$2a$10$HofCHeRnmhIZj2n.5WmjOOWtuna1l0RA.ZcrhPiYvdYVzwZ7Smfua,37
jared,jared@example.com,$2a$10$zoJu84vPFh018yCJzbO2SOD20gjdtLrVY.A7ZHm1Ka/r4t99RX.0a,38
santiago,santiago@example.com,$2a$10$YHXlhuwCJo357WxfAMIMlOBGAFEslxD7oJFDj9p20r0qpDY2zqB1q,39
napoleon,napoleon@example.com,$2a$10$74nO7Cf23856xKG/XXPpPuErC2P/xoyCJsy8LsnEdcdEVK.LjJgzm,40
jamey,jamey@example.com,$2a$10$prWzi97uZrJNsel/0EhRr.ty792MLnSnyamc5qQKXyUj8h/JFOa5G,41
jacques,jacques@example.com,$2a$10$KPVAASP85xcckItGP/ttQuzl4BT0tnWciJI6Lq0j5iLJ7Q/Wfcd9q,42
edwardo,edwardo@example.com,$2a$10$qsxdvEDgtjyIsNwbb013cuQs/oefMi3IuMOY0OmuPc2Xfxn2foPeO,43
asa,asa@example.com,$2a$10$OF41I16o.jV6yilN3c64EuA7S7lW5g0nj6i72L27jsl7ddmOT9Use,44
era,era@example.com,$2a$10$D3f1ckqd3Uy7ooAYCVu3Iu.pXh4je.rMj/uClqeRIUyttzj1ayp1q,45
madisyn,madisyn@example.com,$2a$10$2BqZyDduzDqtXRkBAZvBTuABu2HcRSB50UC21nfMC2S9mUPQLcWn6,46
ole,ole@example.com,$2a$10$GJ8DNcAPnl.U5XcNa8JDCuipciksHCAYxYLi6cJyLe2oP6Qk5CGfK,47
mateo,mateo@example.com,$2a$10$eJxjZ7R77kccwNv5v.i6Zu3cl8cfAThnaKZ3Ortnw8OqbtnqFkvpK,48
eliezer,eliezer@example.com,$2a$10$FPQU86nP7IBMN18VIinhsO3pFncW4/FOxsUjwT4eS2qNls9iX3pBi,49
talon,talon@example.com,$2a$10$lfMTjPpAjla6Q2ITIaIBUOcjRPYH12d/llDxCf5RydBs5IEm9QP7.,50
carlo,carlo@example.com,$2a$10$1nsZ3VrnV7kMnVkY1EU.H.2DTgtRup.Md/ZxEDVkELqZzHn.ClLqi,51
korbin,korbin@example.com,$2a$10$0bWJOhQDQOwUhuapHK2eJ.kQ0xCfebt8pw6Q/ayFkH2KHC1sHqvf6,52
arlie,arlie@example.com,$2a$10$Xlgk8S66cK28wlrRTCcJEeh.serr0wPIr36qTs7Vx3FK93WeJJs9G,53
haleigh,haleigh@example.com,$2a$10$miDZx73oyj1btHFxWbPcveZKYOWLTBMEW6lRPpQ7XsbWihu5kCqNC,54
jamel,jamel@example.com,$2a$10$kMhfbkRuziAHb.3hMFjMgupOsswUeiv8CPjmJJX6txBlbXVM3NW5W,55
torey,torey@example.com,$2a$10$ugxLRRjcAnwDqS8tII6q8eEFLP5.8OAznER3wIM5Zw/m.aqaCr3NW,56
hettie,hettie@example.com,$2a$10$WyW/NR5AtHFrSs23cq..ReX7UWuk0aHamrE/PT2eXt9yba5FvyFtu,57
malika,malika@example.com,$2a$10$Fa9alr8nDeRiV/wQBgHay.7UEpuOHaWMPz2Cbh8Y2frXTVBZw.z7.,58
tressie,tressie@example.com,$2a$10$My33qhCsFH3RpYfPU.Dmqu9HcOm6UPc2MLFMj5uB7s44Flpxu5KjS,59
tyrel,tyrel@example.com,$2a$10$sFjBy6igHrSpJGV47c1PvO1Ta14d5OWqRvp1FPWWxaCzbqsJcN6t2,60
isabella,isabella@example.com,$2a$10$e5EHi0tCKftZu8CKC80JHeV6J0TviS1aXkIvC6TOFjHkrpUnvUmaS,61
clay,clay@example.com,$2a$10$kenw818UERIwH7qmPnT6Rufc7ATRUEiEUSqRuQ53/nYTR4..aHR1m,62
jerad,jerad@example.com,$2a$10$tOD2nqVmOYyVTbVqeyxM6u7osR5DyprLttXEfFe532IGd4B6ejS9S,63
maxwell,maxwell@example.com,$2a$10$fpNFJFP94J8uXv59O7x52O6BsLY796/e7nqnXkdj00eX/Qhm1q83O,64
geovany,geovany@example.com,$2a$10$aG5wsj8lelgll5CT3VRuK.dPerB8i7FzMsQi5JnBCgEfZZQXM2dJq,65
lambert,lambert@example.com,$2a$10$hUyc1LPA4NvR2vD1zxKI0.r6DVs8JMKnThgfGhFC.m/.eao4q5PWW,66
bella,bella@example.com,$2a$10$FWfcjk1zqlxDQ0ymjecabefIRxEwaYdkJzw8nhgFR5Wu1wPKk7njK,67
amina,amina@example.com,$2a$10$di22QcRnaqn.2zUs96KFiOl5XcXVfLjAveZS8eBQHnDNvpG8m0WAe,68
ellis,ellis@example.com,$2a$10$9FTp21LQRY7HauKkY0xAW.aJloQsmKgru.vOCUZlB1KTGDgssQz6S,69
ross,ross@example.com,$2a$10$unbFxfZol746AUy22Am9NOHk0.K9v8DwuM/cYArc94Ewffrq0KUJ.,70
virginie,virginie@example.com,$2a$10$G3FfUz/2/NiJXP4.dnQZqOeEuBgCdvwNWMZA2nMSjAcutq3V3d6P6,71
bessie,bessie@example.com,$2a$10$dlm/a5av/hKUUx7bYUQW0u5ygdfcANT/wKFytkjD8TVLsqluy2AvC,72
gregg,gregg@example.com,$2a$10$.7u1iAeCYMshwTx7EV.P8uqltIGmI5PIAwE6/2AwOYtDkKaVo1rXC,73
nayeli,nayeli@example.com,$2a$10$a1kahbgmdxIh8DFKlFm8BeTk9lSPEaaGxf9En/Ry0mtNhYRvdDyxe,74
dalton,dalton@example.com,$2a$10$nRDZ3gxY4sl165P0hN.ukeZF58E87wcocFM6PDbDuqU7hJhgBaGr.,75
martin,martin@example.com,$2a$10$Fcni34QFs5B1jPDbYkAnVeDScaeMCFAlUdTgow2bkJA9.pfRQVcLa,76
meagan,meagan@example.com,$2a$10$cdQAxG6127NtS/fqNutXwOwKVkNR0K8DNnQhthkFtZSWIHP6L.Y/u,77
modesto,modesto@example.com,$2a$10$cKO7BiDsaFxfIQmFc7ixqelWKWdzzc0B3Frz3uWZt2VFvNq/hA/3y,78
abdiel,abdiel@example.com,$2a$10$oWuEs3ZXtSzi0Zg7yNhco.lhQeP6fSrjJmOjUgcvFQVamyvHLoa9O,79
virginia,virginia@example.com,$2a$10$4hAoAqHpfG4jy1dVOVKUG.1YkAK4iEngOpcextzh6ubVqcpD0H9Ku,80
mohammad,mohammad@example.com,$2a$10$UBfCbMqJIGTWPm1Ons0DjOLX35PeM8mpNIpikM.tP5vHRlkbOiVTy,81
dolly,dolly@example.com,$2a$10$G5FrFzTQVQFxc8AAeYAxveU947f/E6RDj4CNNWzvLfBFh5uZIWsu.,82
friedrich,friedrich@example.com,$2a$10$brCntvcIjgSeHWcfbeRoke9NfdzuTLozcXxe2JAWey7.w0okrNBOW,83
kelvin,kelvin@example.com,$2a$10$hjHwXK2t31mShLP2n0PocePV8Y0QO9T1uK6INNm9fESQ.8ALs6Nwq,84
josefa,josefa@example.com,$2a$10$B5.1BJU.PKKjIZ2.A5WwEuG/Ud1KSIgS0xrX4KUzj8Q7/LwRHuigm,85
bria,bria@example.com,$2a$10$VswJe2wORpdxHRD/y961ouy5kfgfUr9TKfRZxRUyB3ksunZQ4sFsG,86
kennith,kennith@example.com,$2a$10$PoEHqkZglqHjl7XoXcjqKOAbj40hs6Habf6WN8Q25hxThbeyjW6T2,87
summer,summer@example.com,$2a$10$RfzHM5DfB2bvIoyQUhC5geCwIVRs10J6wjKkf5ABv6uyX.IZZCSmy,88
brennon,brennon@example.com,$2a$10$iHusmTgh9go3JU/kL7Gqb.DqyxSFGKotQwwB9KHaXlPcBSmlP.HZG,89
noe,noe@example.com,$2a$10$yOPh3RbhuV1Oc17Gx4KrDe6xWPopEskakj/Bl5mZsIkUoe10CQ6MK,90
ova,ova@example.com,$2a$10$yaF5DPOORRHE/LLMXYSKRucDaRTV5auJp6bgfdw9MYbi/8G5IY04O,91
ansley,ansley@example.com,$2a$10$d.oeiSnGbT02YFhTVAgWvuQPcVeugfAAJzuu75pEWY/yP5AyLu/1K,92
kenyatta,kenyatta@example.com,$2a$10$Oy.kK2Pn9TqFvQx7qndd9OiVh7fa1xNHfUYr6PBxS3XwCtRka7FTC,93
rubie,rubie@example.com,$2a$10$UZ35n8W26aFOM7Ad0xHl/.aQJG2PyS4TvXgEV9QFlNe9ftudWMUxy,94
avery,avery@example.com,$2a$10$ap6RAD.MjiSD0cbbtMNxeu0qee9kDXJgWpO9wDZFLWMwKyL0unT12,95
elvera,elvera@example.com,$2a$10$ARhXm8SoFg59xFrb0HCgT.KfbKfX6dFeXK9QO1y0HyVXRWERbABU.,96
britney,britney@example.com,$2a$10$V2pyRFha8gXgBt.8nCKY/eQ2TAgFYg9yv2uCPg6Bpi1T.n3yJGwA.,97
theresia,theresia@example.com,$2a$10$Pt.MAT7nGkeig0./Jq2HB.jJCOo6nxYLiRm.zcmIQfWGKQfoOWfam,98
jordi,jordi@example.com,$2a$10$GPka4zrwF.uej16bP7ifUOyc0TxmG41s7FDKO8ojMLox/JDzPTI5q,99
shanny,shanny@example.com,$2a$10$8Ydk.qg/oJX6OJXL/mgcCu7dSyxAEp9BpkgcgyBwnkLzoWTSJHPtm,100
eldon,eldon@example.com,$2a$10$mxAMUv/PtUzPMioulqa1PuitvkWuYJMON8ipar45mRKnczDsYpBpC,101
mario,mario@example.com,$2a$10$GKpvg4xvgmgLBhutL2ULceZlQUABhn4tb1LtXkvnh5cccU9/W2fpO,102
sylvester,sylvester@example.com,$2a$10$hhHmXNrdxp85fmOvuIf8iedj2cwLaAL3B5TRprizsTSmLMquupTVu,103
darrick,darrick@example.com,$2a$10$JwYfTKmj2rjQ27.u4iUB2../BgV3of7r4Pe9PkJMsWRzLVKLATPxG,104
nikko,nikko@example.com,$2a$10$sTCGWNebJ3CNvm.TbLZEseOx37CMg625XD9A28/CKqv8lhaDzmiDy,105
mac,mac@example.com,$2a$10$zj.9bE/eAfJPQQ2VdBN71eC6fZA7JOmthLQ5bzVKnZDaza67m0Qf.,106
paul,paul@example.com,$2a$10$M97J7sskD294cU62Kp76QeuPyl9rAGtTtzTIgD0RsxuMqStcMd5XG,107
lorena,lorena@example.com,$2a$10$uCo.zHEdaWeYv0V6Ye21iOUXSZy4GQfII7O77lZkrzNpeB3kPSnqK,108
ewell,ewell@example.com,$2a$10$/SNL2vcc.PFDBMecOTBl7eeXJ8wZaKMS1puJ3HZS5QjFKNWMtK1Xa,109
hiram,hiram@example.com,$2a$10$pdT47XYLlNKwZao4PJAYh.jQFxtCUl07.js9TPxv4UjINK.yN6YOy,110
hilma,hilma@example.com,$2a$10$5U8p0YkKCwXgNMzD1T6irOnxqu44dylXAJs1tYld7o0.HK1hl50B.,111
zachery,zachery@example.com,$2a$10$WKQk/80vkruf40Oxg9SCsev94mIGL1qkP2l3vpeDktXIohnRapXrq,112
vern,vern@example.com,$2a$10$DJs9hNGbn/wsC.8jyZHP5eKrEIygy79LlMGz81cuIdJRU6.VzUPd6,113
barry,barry@example.com,$2a$10$e1nZPCU/UKaU87XpMkHwtuRdjeUPNAzw7DVM1bAD.hjI4D6n.RdxK,114
simone,simone@example.com,$2a$10$VOB1JemvtqH94CyOfDZiJuLdiSwGDwSn2TPxjuBz7Oxa4Tq2LskfK,115
maurice,maurice@example.com,$2a$10$4PBFOY6PZVsKKH.VqvXKKO4Ds1vlt8oJEWCCzbpTJ.iRCA2en2/hW,116
lenna,lenna@example.com,$2a$10$p9fqMVaxtfRzm4D8BCAjSu0HW0kSIDuSh7jL6g6V1Nf817wAqjBhC,117
davon,davon@example.com,$2a$10$bXG4gUCHW2QZ.Ylan9RiB.Pq1jgA/mA3OB1tPlbWTXmux4NtsIqNy,118
lempi,lempi@example.com,$2a$10$SDaJG51Dz8m0f7dv4vLV1ed8p77LRf4cJhswebYenXXxT5e/gh4RO,119
ocie,ocie@example.com,$2a$10$49tou3Mgl2EuVnEUqNRUQe.9h4gTClcZZIU1WNmTNDiomouW1Eyri,120
sonya,sonya@example.com,$2a$10$EjhrSXDgoecBOFMZ.OcEY.rG94Poy7UoROHZAorgnAYdxdXQL9gLq,121
elbert,elbert@example.com,$2a$10$n4bk5siOmutuAPamtZdlnOgaECPMYyY0tMqHGqJWcBEri34X7JudG,122
justina,justina@example.com,$2a$10$pwbpnNiBFYHACCal2egDpuc4JMDC0FEEwjyx.ZftI5XfEPO9X2zJ6,123
isaac,isaac@example.com,$2a$10$UQJ4BNblF8moFV9xIpCgb.WEOsozd2lGHMz34mKTewPGQ7xNHfGkO,124
carter,carter@example.com,$2a$10$64MnyR4mkHZtLO9u6RQlKu4yg24Z73sMhEQ1/UtC4YGTa0EaJq3Ya,125
clair,clair@example.com,$2a$10$9DPm/uAw7YdUX6urAI3KT.x7VqwqFMAt3nu0m4gnET38bUG5afCkC,126
braxton,braxton@example.com,$2a$10$1RWuwZi3INa4t85taeViYu3aADvpe1e5oHjLqd8Ku9U.zTA2QxtFS,127
holly,holly@example.com,$2a$10$/B2FlIR27lI/vB95wtdhMOwfvaAk017A2OfI0leWG8YsFdiAYhu.W,128
gino,gino@example.com,$2a$10$ytTEPpeaeklJKM9h1DyvTuix1Rj8h/0TIqw.UyOB6SIxprZSa5fUu,129
cale,cale@example.com,$2a$10$IA00lV8/TgzJNZcc3vmv4uCNyqFPgyp3WPEhuPA/dKKUU.8z5ug8q,130
kali,kali@example.com,$2a$10$.1Ium58aW0Bz95uV7b.ZUeyVoJB3BMwLIdMUOpdRPKAyYr22It1t6,131
graciela,graciela@example.com,$2a$10$7D9cAThPa7DQ1vmo.3Ef1.EeXoJNEtHjQqDBKwYl1h/MamkGe3RrS,132
jeff,jeff@example.com,$2a$10$aSSrBH0ttPOTBWCmKfw6pOLr1Ptqr70BGhw/T75slB.u.mFwbHzcK,133
anais,anais@example.com,$2a$10$QSk.3xvcBZZwKhhYD2La8ueMiM03Oku1GCgtQ2jfhSVPJ29ASfW1u,134
hassie,hassie@example.com,$2a$10$qyTQn9N0c0ONG8l4Odn4HuFvSWfg9Q8wmi0PZSYvwnaropiTSqepm,135
robert,robert@example.com,$2a$10$U2o5e/PRWIiRkkb2R55fw.4XExF/N6jpydZ/FljhYomwljeZcyWjm,136
sherwood,sherwood@example.com,$2a$10$POHyrne2OADqLkCIcVeDWe92ggSh0WdxGpO1H8e.DgwWy7bkRHqJ2,137
zackery,zackery@example.com,$2a$10$aeoYSllrKD9/CaA6pX5V4uLGG472uO6Z2eWobgGXNmhx5e5c3vg2i,138
germaine,germaine@example.com,$2a$10$If82bQeqHjQqgi0GIlaVOu1UHOiAm3o/GYfyOa8hN6NN8mi4pggEq,139
myrl,myrl@example.com,$2a$10$BQXe9gGPzXeuDfvbansCHORgxcN/J6MYdxMsi5fdJGh0uOJ6fHj6m,140
katelynn,katelynn@example.com,$2a$10$nGmM8TGI3OXWl/MxHp5CROdpaGf/LahHrDBueG.EDDlCF0puDghpO,141
gust,gust@example.com,$2a$10$2fRF0qZciCAGy7HBgWMMZebAOfQdxc77o1HuOrMXOymXPUtLi7AMS,142
stephany,stephany@example.com,$2a$10$qiz0doH.EhVjp1LaK0x2We3NOczjNZzFEe6cEvBrLT10dcb7iWQDG,143
retha,retha@example.com,$2a$10$GCpsw6NTliJ5OmlBCNU3deZCBo34JItN8hVmY31lABT5jnc3fjYq2,144
makenna,makenna@example.com,$2a$10$yEgNLA7HqPzxwlL0Jj6Hs.A52e.71rVytcLoGFAcd.Q1Gmn4yTx8.,145
kory,kory@example.com,$2a$10$krIZLLD/BuyZZcg9Q5tt3uYF05F96QK9zqVp1IAv52omlmgeTy/ga,146
terrance,terrance@example.com,$2a$10$Y4Izw7CRyIYGPKKFNJU52urCbf5Ca6zqhuSSKYSSsue/yK1fN6quu,147
jacynthe,jacynthe@example.com,$2a$10$0iS2hNO9MaBcXr/4VkI6q.wu7tNUv/9sO2jIvHQV5Up3eDVq.9Vsa,148
ressie,ressie@example.com,$2a$10$V6t3LmjsbIeO30awYPD9G.zDptkvf2nCkckc3Du3FnDAOQDKaGal6,149
felton,felton@example.com,$2a$10$7hqCbsc.NUx8u7AObcCemeJtxyUtBTKxwvcvfbQ5aiO8HM2HLDRZ6,150
jalyn,jalyn@example.com,$2a$10$CjOZGQtT0scOqdE/.sM2e.CANa3K0sFH0vZN15GivkPrBEwD9Yypu,151
madaline,madaline@example.com,$2a$10$oBzH.KV8BV8GSypbJb4JdO/Amyq1E7Wd0X2KKdUB9UMMkgH55owpG,152
enoch,enoch@example.com,$2a$10$2QLFkGGK2h.xuB/8kkgP7.GbXMbOxOS7B8mvOsXTxYHUKldIreJCK,153
prince,prince@example.com,$2a$10$QHlIreBKGhZtruCZi3fC3.ESV11Kjg7bSNRHmR0x9m8FR9EvrSnym,154
damian,damian@example.com,$2a$10$xAkJeotQyqZ.hQMqOpOvcOl92V.VPSqcbOImgsAUPHnEKyzyFzoV.,155
christy,christy@example.com,$2a$10$mPOY3PU/bQxeSJW8lQ4ZUOVSH1racJZQTiYJ4EAh2xfWodMjZ.eyK,156
ransom,ransom@example.com,$2a$10$Mmem9SsMhCsEm2E5Jdx/qe0OrtNH8V34T6f573tRpRXXldu0jOW6W,157
dimitri,dimitri@example.com,$2a$10$aW14V67fpst6tBhVtaq1oeHNAutKgARPAhGit50kxPSDCXGNSj2Li,158
clemens,clemens@example.com,$2a$10$oHl7pC5zlcvW6piBXGV/RuNCkuOan44FrBV0WZ1N8M0IvRxL755ui,159
vance,vance@example.com,$2a$10$rL0HrYFFUQ4JfxDfW50osOil/zTXX.5WLfSntetl0rrqYlXaJiM1.,160
mckayla,mckayla@example.com,$2a$10$0C1lJRzXSsxYIZ.rrIfyG.TP76cE90NQA/mivxVfjoBCXiq6VLfIq,161
jadyn,jadyn@example.com,$2a$10$xDtRaHGpd/WoTLDbmZ/rOu3UoRwZLDqZ/EtmaUBVfakEl2Og0oPQa,162
marcelle,marcelle@example.com,$2a$10$9RqeXqKrTj7VVsm5bjAvrug6VZ5Pk1ZWnGUvbuIYBdvNoUHR.1uSq,163
sister,sister@example.com,$2a$10$LrGE8.GJOrhp3yUheimfXujZTYp28GpCkPqpcKdPlqJIwCXewlibO,164
troy,troy@example.com,$2a$10$PNXuYxVNR7z2BmV9U6Hb.eevvo6UcLyBaKOPeeZN5HdKao4Gv70US,165
ardith,ardith@example.com,$2a$10$88uJ7pTHuPHo8cHuyYIHFu7C847ESpym3eYdryAjSd4X4tb1pDJxC,166
trystan,trystan@example.com,$2a$10$LFVao10VynGpBmYJoHWst.PIKO5fhtyWTDHCbr9w0.AwFtv2jANyS,167
rahsaan,rahsaan@example.com,$2a$10$cf3B7KvHt8Ytb0m7m/R/xe6SeZJQ4ChMn2Cr8s9pE5XUxtMelqbii,168
vergie,vergie@example.com,$2a$10$amzuR.l16.fY02id13vbb.4jYihvHGqUBmgPnae5BTbGdO0n7mn92,169
taya,taya@example.com,$2a$10$oN8UnXY5wP4cA0wvUuR/vuKCkOboqJrmo07Utc0hpE.WQ/YiKDFfG,170
reece,reece@example.com,$2a$10$dcLRCl1hi9GJQuZilK0qeO1xnzHL4a7JPQOS3ukT7TyzaRUBAXOUG,171
malachi,malachi@example.com,$2a$10$qUUkkxbBYbA54DnUqd6xQOJ5.8gSvB0635JrID8yn.dvttuSBiNPm,172
salvador,salvador@example.com,$2a$10$PkDwZQYAjCm.U1Gp.F3hjuez/B8xqZny2m1lbd49tSOtarhRKUO4.,173
hulda,hulda@example.com,$2a$10$2aZlL3DUMR60u21O6qnNm.Qj/9LT0dLlWhl8cMPSVP6BO59ej3bOW,174
aliyah,aliyah@example.com,$2a$10$rTiMJbbQa3T3courHt5bHOTL5Jv2Y0r1gXORcGekgllDzZ6OlEYI2,175
sadye,sadye@example.com,$2a$10$3bL22Eh4VcFA.69RzZIz8eQ7LjTgvWyF/whLA.gE.HWjfMGlRn1.O,176
carlotta,carlotta@example.com,$2a$10$pG4SLlb23NSp1dJPTfp0g.uTG6ggK2VB5zmSaeQfOD2.8gQCDpiyW,177
easton,easton@example.com,$2a$10$PcabyfkqWwToE3hZRo2bZu84XE4wb2GHdhLJrPYkyl1bSFHfW9GGG,178
marty,marty@example.com,$2a$10$YxaZHeNls5WSDhojJsojH.YGnNsybvPcRfWDMtdX3oGCDgaYCj3EW,179
dusty,dusty@example.com,$2a$10$xCVpvlT2xJXEsLOfkAip1.idjLQ02fkztwJkys8KBFlIkgbefJfUW,180
bettie,bettie@example.com,$2a$10$XCVDijcY/YlI0ce0IIQ1QOxn.LI7MTU.zRTHdBhyMes6oM17b8SuC,181
pink,pink@example.com,$2a$10$oUlpfk0V3oZphHPTNFN6a.aU0kQVlE5VZk22kPRDmtKoS464kOxka,182
domenico,domenico@example.com,$2a$10$oz.Fl8JekBbjmJGj3pAj9u/uGZ5cnlh6zJItnWn6FasJ8rxJduS9G,183
cheyenne,cheyenne@example.com,$2a$10$JftTsGT2cIF.pyVFod4rmOVNztD1BI0j7ZpCutWrGM2MYDrdc7tV.,184
vida,vida@example.com,$2a$10$Jp5Dh72IWA0OSz83FriryeCejNBFW/fXxQCvujz58La1MIcglwsaK,185
margarett,margarett@example.com,$2a$10$twhoJZPit1EtO6ZyvbDs2ufnrZzw5IxIiXtrlDWC0LC.RdT6036tm,186
martina,martina@example.com,$2a$10$AD/7OA8xCvkEHTSAdj9FMO0C7eioLm.AjSijYlLB9CFnrbnI4Byx2,187
candido,candido@example.com,$2a$10$ZCxBX6lPKW3XTXVAxZNyB.VU8x7XjVB1oJ88IJiM6GIk3cRXxS98O,188
alize,alize@example.com,$2a$10$Jj1m6cEkOKMSJp2bdhxMM.pCF2Mf/93ADUq6r8r68oD9GrKkV9AeO,189
helga,helga@example.com,$2a$10$W6BcSytrOornko3CQoT/C.U.VdIYDemeuWs42EF671L40DdoLsxga,190
cedrick,cedrick@example.com,$2a$10$Bq1TdG7pmDEJStqRkQqfue7g.GPZyy9/satL19FqgziTcvRI5QrAa,191
aiden,aiden@example.com,$2a$10$PEa3HC0jycTK1C9PhlXr/uAybDC/eoPgzD9h1BA3IkZNcxRruxG7W,192
vivienne,vivienne@example.com,$2a$10$WMz.FC6g62J0FbMeHgjca.mTFDMULYiXOkhi9pjJeWH3G3NEotmx2,193
jamaal,jamaal@example.com,$2a$10$2/L9zOMbc2KOVPQ.4G6DluQyNqt4HJxftA30yqtQR61gS0f9RPaK6,194
misael,misael@example.com,$2a$10$rWSEvNA7bKs8jadd/aEmy.i5sWI9K/5U6SdIubfxUNLQFG71W9cGG,195
burnice,burnice@example.com,$2a$10$fO4lbcBvD0Umz/dWyrSkVe9uh1nOdlW2hDpTVRYvtBHXxq.1Ohbum,196
devon,devon@example.com,$2a$10$2VIdR2t1Z7oKHX97fCliy.gicg1PAoDeAsNfy7StxKXhC/1NIvGW2,197
wilbert,wilbert@example.com,$2a$10$y6T9BhkAMxn/aRH4/b1ymeuI719N6SBKEm.jhg7TX9Uuo.tc21jsG,198
maymie,maymie@example.com,$2a$10$T4a47HIl4CUyDWGk1ZZ9IOLdfpM.8sqfu5XVUzlNTtC8LsbQ1rJu.,199
rolando,rolando@example.com,$2a$10$rwteYanXLn/us8.vPgziDuitVV0agwsH4/oOZiNlzcT9Z.e.jcaD6,200
lexi,lexi@example.com,$2a$10$0YVfXs2L8iFFDbbYGmyfROCbje1O4a8YQw/ZgMGFBLr3gNe2X5S0S,201
chyna,chyna@example.com,$2a$10$XxflNyz3FvnGG8QElqavgORXxJc8SQHMcxcYSoyTABSb.PLBwqhXG,202
gordon,gordon@example.com,$2a$10$0vNcZ1dcVnMj5Hn4ZZNXWOYqQM6MJrlRxbyfCeL.Eow1GtQBSdMgK,203
gaston,gaston@example.com,$2a$10$aXlQGnHmTK86Ldec6oO4WuA17vPsitGiWPHZ5fXQCJHKWicnYEWzu,204
margaretta,margaretta@example.com,$2a$10$8itqDJM2aLF1yFNX5PG4lOkqhz/fs6mv85LSxDPWZgULXjI/EoBWK,205
adan,adan@example.com,$2a$10$ED3J44vPIFrUXxwnaN9KYuritG/86fpNMwKlbo3ZospE2OF5GWnvi,206
marcelina,marcelina@example.com,$2a$10$VgLvNjn3b3IZXPyNum40Wega0iJruLqr4Bd0.ago32T1nWMBTyqgW,207
audreanne,audreanne@example.com,$2a$10$bk/R8GonMEgv.f9al80.LeMEE03s54R.SH6dxB.knk3cEyl1U1gK.,208
claire,claire@example.com,$2a$10$3NNYr6kUqH0CyJpo5.fTG.425BsEgHsjIGvXAOj26pDmEwl1D2xpC,209
delores,delores@example.com,$2a$10$B.BuHQ/Ad0i4Nb8EHqeKHuIK6/PhBDuvWgEQ89jxmWf/WVC/E/mlK,210
marian,marian@example.com,$2a$10$QLMvMT3aO015W9TojppoveDLZndB/WZOXKkOvpPcCGmgeWMdT5TYW,211
sam,sam@example.com,$2a$10$0ShMDKH5OuewWRWe6HNkkuJ7OAta4C2Q5t0Vo28.bAtULNHRkfSye,212
elna,elna@example.com,$2a$10$n2TO/LyuYKDKpVBXb0HR0u5Oq6pONNlYSSntiNYhhH.J2/r4zFZ3i,213
jakayla,jakayla@example.com,$2a$10$VODYzIVnG8.3QCzgIRf7JOcTPr3fPBxBEs2uPV/BZ9U3OJFuyRqzu,214
elliott,elliott@example.com,$2a$10$/TTn8xhEyMWOpwr8po30uepBsNckTWlARhkyLBP5klx.tBi6bIrKq,215
jace,jace@example.com,$2a$10$CTEY2y9ssgwpxK7Be6jkJuiLc9pHwz4avAvlbSlQQITMEBo.AkhoG,216
cielo,cielo@example.com,$2a$10$QAUbjZncc/6/rtSXSTYP8OS73guBXmBsjFjfDmREczmbOgBwaTl0G,217
jeanie,jeanie@example.com,$2a$10$ALmCT5DPnj3.Pf9AzjwyK.xPw9amKnErnvv6H01TkKOieIK4kZDYS,218
ignacio,ignacio@example.com,$2a$10$I8Ae.s6kH.X/x.k88lRNfOOuvc.HhcAWLwzIwReid6MTlSTZp3RXK,219
cyrus,cyrus@example.com,$2a$10$K1mWNCeI15pizop5KVvBZOI0p7Sjc6FkSItXsL3GMbA5wjhN/EYbm,220
porter,porter@example.com,$2a$10$iI7ML4c6yw4jz4hIQHzVNeT64MRavvTBLJa3Cds623Qkez0XgKfVW,221
otis,otis@example.com,$2a$10$OoPbVG0S6/n5mlc1NKcBu.v7loce54J6FK3M6bPoG/bacUTzHIEsW,222
chanel,chanel@example.com,$2a$10$CNjJ9dtkZorUnkw56TF7K.H.X9VmzN28/1jS80awx9679lg6QstH6,223
matilde,matilde@example.com,$2a$10$I5vOXpDpuvfHyNX1AFd8X.R9y86QFqMgq0dAV.cvPKfyBUY2AMy9C,224
bradford,bradford@example.com,$2a$10$X79S6IUyOHvr1RlKUt24Qu3vo7cu8CO6/aUTMfcPp6FznHFzCw5uK,225
eladio,eladio@example.com,$2a$10$XMU9MLrcWWvtEsQUinhfHuuOp8uSrsc2vR143Om/WaUUJcx7HApdm,226
modesta,modesta@example.com,$2a$10$Ul2LB/OyfOqpX5GSF7sjn.em6HJ/raGB9A.zkDz6xH2Q.5xzLGPfC,227
alex,alex@example.com,$2a$10$sKrskrj1nXP6Q7QvWMdymOv1.1xVGHhrOXAytM2IQFAltiEBBJjtK,228
lincoln,lincoln@example.com,$2a$10$zFq7opvqP7X4xbPWfjj0P.ehJKKh42CRfoYT4I6ml.ZPEwgrpyzpa,229
camila,camila@example.com,$2a$10$R4swNTC3XtQRzEYAbZIlCuYTAzZqqL8p/9MBEtV.zTEqqEeA6glMy,230
wendell,wendell@example.com,$2a$10$LNdX8XoEBU9Pafbi868KseQZ8y0JTNzx25tTlLtg.BI2Nv7ta8LBS,231
amir,amir@example.com,$2a$10$rvjbyCpmG6bYz0O5Ia1vLOq3Nh2eb8EE5Yq1GKGCwh7w857NfdFYO,232
gwen,gwen@example.com,$2a$10$MoBYcpZ49uzuxdOUXkTZLOYZrVxJoUb9quXvHToNysGmdGMVrMo.S,233
mariam,mariam@example.com,$2a$10$7NqImcSRQvM8QqNY5OiW5O0N2xqvpHjK0gi5Uh.ff1RysKQ6.KGgu,234
libby,libby@example.com,$2a$10$lCPWjqKe8qEmrf8R6WM5J.aDxsNHaizXn2ELnteYM151HB/ypw7PK,235
francis,francis@example.com,$2a$10$m35AOU8qH4xvxximG1RMVu8xaoVKQTqn40i.n/IHYdY8dIZYNycMW,236
javier,javier@example.com,$2a$10$/wuJ/BNtupcG4JbNJcMG/.pHYIMF8lhbNpBwFMVBdT0Jz7xYgFZ6m,237
felipe,felipe@example.com,$2a$10$pR9N5f70YertKYdqWSxag.iF9uSV67OoYXkRCqysXN0orAjNdRdA6,238
lisette,lisette@example.com,$2a$10$WowpQbiN3ydfMbIii6XF3u0G7dn2a9jV1vHF6uQF5BETldQayf1U.,239
sarina,sarina@example.com,$2a$10$5gyJHWRs.hLONY6oeB12pOZ2Vm6xpWLDdKwAurj8c4ihnIM4lCzpy,240
harmony,harmony@example.com,$2a$10$lxVVaEQcVeCI/oNAb2z/beaEUiREQmYWMDvbKdRIgRpyjlJ0uycui,241
desmond,desmond@example.com,$2a$10$z1V2xoq7TQezR6WOAD9Kg.QGSEkoBhqerT.bmoCF1EQMzyWsNFMrq,242
celestine,celestine@example.com,$2a$10$DZLHzwmMSqC0lhFYHK/kI.YeQIw40dIl7pO1ldicn9S2JQGDsSQee,243
minerva,minerva@example.com,$2a$10$.1yO5eRYRXjkvjZrzwItGeV0cd5O0dUBd7BJJspXshuyOOtxCY4K6,244
alverta,alverta@example.com,$2a$10$oF.wK.jlxtH7XRlICubPuOK6rY09AyC3M7DKKimkouJ8woyoQzDDq,245
eryn,eryn@example.com,$2a$10$5Ax5wixQ3h49DBQBeYUmS.PKgCNuMkJCrVRqoJ0Wio/ub5pb.iOLS,246
neoma,neoma@example.com,$2a$10$kn5XYiApbmgEL2L8njGvteHL8.1RmFMTduZrF6uoS40V2X.Q7OI/2,247
leonel,leonel@example.com,$2a$10$qQK7fY2ZYyFT.HQenEAQouA4F6LV5FrF5wWi1FTzKR/yQH1j3nENe,248
baylee,baylee@example.com,$2a$10$bKMC2/kRbfZOylbDrBHaZukncdFWdAeG7rNjuYspANpc.zg6htQ6G,249
golda,golda@example.com,$2a$10$BSxIBdgUZz43RXEHwL8XluIXMsCZxIIEfuECYQzYJ3tBbXrm5i2aO,250
evan,evan@example.com,$2a$10$n.lnBIAiFLZEUPVK/QIwtuObPvMJgnadBkKYCnZszoIMZ6y4emD3K,251
monserrate,monserrate@example.com,$2a$10$e9ZJ8FEVIBaXceDMBdVQ7ugKRN0bCL5f3yIPKd58Pgq8bx4x.ZF/G,252
conner,conner@example.com,$2a$10$i4BlUzqXh3aS5diGQTeNFuJ6BjWUbGnwk0PCNq5K12vx0BuCVljkq,253
zander,zander@example.com,$2a$10$qOF4kuRaKYG1r2tElJDIbunFjKG2wFhx4UcmruLyMBQyYiV9tWRZu,254
gerry,gerry@example.com,$2a$10$/WrYByZL/RWtLzT4AFUOouPac6TTp9cp2I5PPIeHcNBwC.lAyEOrC,255
malvina,malvina@example.com,$2a$10$TtDcv2DE.SQgoK8eBIH5xet57GNRkIRTG01ydQFk33917/FfMYnCi,256
harley,harley@example.com,$2a$10$1ZHZOeC1PyvjoHZ9VYVQ.eyE56shLs994SEVGwG7CwAAUA8NrWwCy,257
genoveva,genoveva@example.com,$2a$10$f43Zmvg9OrXmrZm3ZZi04u8BCoEwLzbKWn3xKWJzBkCcpYIPS41S.,258
arely,arely@example.com,$2a$10$8luKil8SmAcVC/gxX33qwe4nLHPP9qf0UqNHf.C8wIURzKQ868Mwe,259
winona,winona@example.com,$2a$10$xIrMAE9boRslLnCK2cLTxeEEcswFsdNYdV1w1FmEd6m7ncljFqQ5K,260
laron,laron@example.com,$2a$10$EmM/j.NWXsOpBKJxo088K.caOxKWXdOcHCWwHbt4OxPbfLY71cGhS,261
euna,euna@example.com,$2a$10$i3ZXs.ZXgrwZgxQzqnI5He7cAsV7IQf0oUA0JCd5RZOPHy6nw8zxq,262
ashton,ashton@example.com,$2a$10$fu9./CCD0gXkdaokScIU4uQQngf3qUyRtnIRN8Xw8mGyt.JfCJGgS,263
valerie,valerie@example.com,$2a$10$frgaZ3vVJZ6vZnCdqIjdeelrHCOBcPQbyG92BYyK/J15ZAhAyRHwa,264
muriel,muriel@example.com,$2a$10$HGCdEYvfkpTCnF63/YYYpOTuiy/wJ4lCfeeG.Eq8uuVDD.fqm/ePS,265
arielle,arielle@example.com,$2a$10$Wh8fYgJawssVdy3QKTqOi.EQElu/nd0d5sv6BJmMTNJsFiQNX0P9W,266
harmon,harmon@example.com,$2a$10$ZyTBKmron3sDceI1MxpR3.IN3Rq09Lq0/xXU0v2G9yx.mVYWIWmN2,267
lacey,lacey@example.com,$2a$10$NDnSPjI2PMW4y7Jx4sSfIu99yHrc8NF223ACBtD.ya57gS9/RmS8O,268
lucious,lucious@example.com,$2a$10$UndVMGKmlvjQa50EslIgc.Y1C64tvyzLNF0LbtgcTwNu2pIUjYKB.,269
kellie,kellie@example.com,$2a$10$rFQe97.Y1WV4zPfqcv0rr..gB4rNWkr0TT6I475WlkYDIzUlnYO3C,270
andy,andy@example.com,$2a$10$FHpSJXxgtB.dQidl4yJq7eEsBt6nZtqkPSdNi0nt5zTzc4pC3.CWG,271
vena,vena@example.com,$2a$10$JThIWXt9.4eD3bYm38lTbeNbaatW9HaYmtCh.y.rNvgF6NorBq0Oa,272
brian,brian@example.com,$2a$10$CVljko06ebzu4skYFuRWx.KFgtdLGldSBqMxRmSpFkMnvb3M6xoby,273
christiana,christiana@example.com,$2a$10$pIuvTeXYTvR4CCEO.s6yQ.UvrpNeKDc49qELTNxoLzEew2fHUejHW,274
michele,michele@example.com,$2a$10$elaqvDostAcIK/TRPLzAl.mWir9YxBejaSQY/6F4bAHZrUx7vVUJG,275
mona,mona@example.com,$2a$10$I7tMPLu9jc7wzhiTmo8Jmu.yxwvWd1fvUvQKvdYA8ZzOdmYOikISW,276
kenny,kenny@example.com,$2a$10$v9SlEKspC1jRo/CcV74dj.Yh2loacyjovp55MA/KanyJw2erDJjKS,277
osborne,osborne@example.com,$2a$10$nJPYEZ8BxiWoJv9BUN.c4.8MaTT/wjhuMJ5pIq0o0zbl6rAZ01/ky,278
norwood,norwood@example.com,$2a$10$c8H2fewlmGsYTsk3KK8bs.4AH00w49OCF9NTWQ.XHy3vqMwxTGco2,279
jevon,jevon@example.com,$2a$10$0/oEe5uxPABFEOv8B67hiu3bWuYlbF.7xvbty5Ui0aikcVekvAbFu,280
hudson,hudson@example.com,$2a$10$9X3D/CgIty7zeztEiesw0uT6ChBpor46ZManSe6ughHB6U4khuh6q,281
aurore,aurore@example.com,$2a$10$OgNkbGHll6VwjAG/6pQQzObNoOp2vuQFT/B.dW007PRf8anChXCBC,282
adriel,adriel@example.com,$2a$10$AwAOVAaiU3VBWG/TC92NbuFwm6dDLHOle0LA1ikNbeustjgYS58Ya,283
alana,alana@example.com,$2a$10$Az9sqYOFgE/XeJF9f0/g..MTqO.tc1G0YC6/nCmBkhffv/kqVNtBa,284
vincenza,vincenza@example.com,$2a$10$zi2f6bzSpVZgs4jGcuTu.eWr1Sy.jvarHYNDFfppRAwb3yWz/Gu.y,285
rhiannon,rhiannon@example.com,$2a$10$AsSfEmQlhWphyvRkiM0bpeyIUVX.0Lh887.RIYPQqSnii4r7vaZlO,286
river,river@example.com,$2a$10$fYrOQLsVI1Ua2WFb6nWBAeNrIdbAc.F3FIXHRldZvimz6.fSN1vmC,287
jaylan,jaylan@example.com,$2a$10$D/y7PUfdtKeVVQ6TGeH22OeYgHtlSdinjvIr24bLe8fqKRw1TpBJa,288
cathryn,cathryn@example.com,$2a$10$5A8eEqUgQiBBTj7WEtxfoO02ANosKSdnmwlSIEbYHbZoN7g/G8KFe,289
annette,annette@example.com,$2a$10$1GTVztAr7mJ/7rdjo7SpK.KPgcZ2.UyH1BxyNc/1OXFzufq1YoeEa,290
candace,candace@example.com,$2a$10$HJ9AvnjQf/RMTfeY7OlDMOMuadODhKv5kLSGjd4xfXMW/RO6v4PYa,291
minnie,minnie@example.com,$2a$10$Z788G4d3gW8LeTuMQHoD/eEuUIWcRstEr2eQqq3M5TwaXwCTlJcLu,292
dorcas,dorcas@example.com,$2a$10$F3YMZTg4vxAlJcc6cE0DA.X7FPUJ3FMdNoNSVpMg3eSs5QqiXlD2C,293
leta,leta@example.com,$2a$10$t0aU8o.Jw2d6my9IFpBiTuWsnel2OPEctZLbUJPHTUQCtrErq6fbW,294
wilber,wilber@example.com,$2a$10$cspAX1DzFA8mHzbuVDZd4eaQSEJEtD8AR543ZzcPxWF2wsTjW06Sq,295
edgar,edgar@example.com,$2a$10$qw4ANljU6iqsRJgGaiY0t.jXq67NkFRQofUg4qh.ddAv8fbo6KSQS,296
kamren,kamren@example.com,$2a$10$EMHHpzU5wlgIdghrwiibge7rzi6o2NjxtfYDkhj.JlY.2Edahf88e,297
mathilde,mathilde@example.com,$2a$10$9GgkA8WnNcW6FGAtKyFrGumnlACnlGCEmUbANgxp8FJeMwFQOL8OG,298
charlotte,charlotte@example.com,$2a$10$FKHNeCtJlN/aOu/sclx5/OwSidU80pz4JMdrHayDURi.3exo.uxPa,299
mable,mable@example.com,$2a$10$OUr.ZyDBHU2pC2eMQcsZSuIzMZmh3mtXJ4cv5.wbxxGXYIJpjcWne,300
nia,nia@example.com,$2a$10$bru/QkbLTwowD.CIgX2XAOazWeMn8pUc0xIT3UdEkFPd.tm0ZcOG6,301
dominic,dominic@example.com,$2a$10$BGLdITyjtb4Aon485Sc/wegYGnJ7Y1/gGWE3U4j.Le7LYsveG4wei,302
lilla,lilla@example.com,$2a$10$LL9Q8L5VmJGcg2/wc/LnM.p9gmrLZ.iWlJPtj8sGUMAA9a5IhoEnC,303
blaze,blaze@example.com,$2a$10$nmjqdhkuULM.4bz5ef9r7O4ePZlWrJNx/YS2P6xpbKqXesm6rFtkm,304
eliseo,eliseo@example.com,$2a$10$jyzEcpooPBO7/YUhmtrHLu69eUrzo/zRVan8jtE0Z63kyxHUE7s/i,305
leola,leola@example.com,$2a$10$q61xsn3o8Fx31aqGZRslU.OIc0EpecdLp0QsjblKoG8x/ToosPBI2,306
cecilia,cecilia@example.com,$2a$10$uDcdV1Hipd.0zUwtkBdLx.4zL1/3nGHfkp3JKj08xsNUJXzy0dRb6,307
franz,franz@example.com,$2a$10$MMWBrWZoANeFHsudg.JQ7uSRt62144Qtx9gF9zjApaB/LVFRhxV/m,308
daphne,daphne@example.com,$2a$10$sR9CCNS6emqq8j42Hiahmu3mcWnmHDep.BCAKWuF1a73WIMnyl2Vu,309
merlin,merlin@example.com,$2a$10$dUmiqf5FAygQfK685dgpuO0aw5ZezR7MhKHWwwq72d5BKE61ZTug.,310
ashleigh,ashleigh@example.com,$2a$10$X3VowkY20gP/arUrHf4lq.RdACYheo.pCC.6EV32KSgD8mEyYTSmu,311
barbara,barbara@example.com,$2a$10$psvE9QSYj26iBgyVG.MhhuRfU1ZPAc5T1BnZABjaG9qm8u/W91QJC,312
cory,cory@example.com,$2a$10$AAyYzIgrzmo.rLbbGpEigO8SdX4sDD/4uLUkIsOPHMVr.YfeMi5zm,313
susanna,susanna@example.com,$2a$10$CPGzjrOg2ibF7XlZPLJ/xOjnTZLUaEXt0KrxNyZK/E9tZRyzzTaJe,314
blair,blair@example.com,$2a$10$8gGnWcphxPVPFJEPBxpx4uJmKoFp8f9Z9A59v3EpRSNsxAl1vjuOa,315
ernestine,ernestine@example.com,$2a$10$61CTZzVJuXT.vBJXMG3BdOMS.AHlfry3nbPjNa0IGB9YY76n9xlz.,316
gisselle,gisselle@example.com,$2a$10$UYLHlBP0ePEuPGQpAJahR.4DMcAY681IJNzLg7YH9PICCxAqh2Ygm,317
maryjane,maryjane@example.com,$2a$10$Fg1umoqVaCcwZz5N9XPsIONMWVAedr3q0a8D76OfB3sKrgqNa9Hf.,318
cassie,cassie@example.com,$2a$10$2EZj7yP5P.QYx3HqlFkOY.2iPCWIT9y9NgjZTwkDjRqXPgpGwgUh.,319
nyasia,nyasia@example.com,$2a$10$O6LyfKFB2IQvNHr6G9tDuOPJiWVymIVfUltUplF60CdyWPFpXd9ai,320
rosalinda,rosalinda@example.com,$2a$10$Fw/7vCn18VIPDdOzkywFx.PnWT/Tys.ZIaRdJ3xpAXUWjRCaehIjy,321
jamir,jamir@example.com,$2a$10$C/nYml2OjGMJRnQmiTLti.NJdt65m/hp3eu.jXJ3xJ4XojDw00SZy,322
lea,lea@example.com,$2a$10$4GXfPS8fxlPbmhG3nJ7EceCzmoviHaoFemPqj3aRKoWrN/Lq2tf3a,323
laurel,laurel@example.com,$2a$10$2RFFso.fdcV2fmCsze2o/.1AJAbwHJAdJWw0q6RrEQWvOQ1yAuc.2,324
loyal,loyal@example.com,$2a$10$HaDg5nXuRcYlaVkTnIUZLe8cIEm11m9CNTLipcvxNv0ir9fwnPdsm,325
elena,elena@example.com,$2a$10$H.Fh6WLxfzrEdCue.P3BauCj.09GBZU5/uC5ts3j3Y546Sn161F/O,326
rhett,rhett@example.com,$2a$10$e7fOKBKh8l2z6cX1GekxmupuMrAFo9Q.sMr7zt5qI/T4pg90OKKWC,327
armand,armand@example.com,$2a$10$nSnvo5G4KRSyqCAJZ0LWPeCic/LnMO07NyuUeqGHL9uX0b1tnhd8a,328
alberto,alberto@example.com,$2a$10$6CtLdNRBeAIK82CQDVcc7eB5FozCYaPOWsNfNAVUriILtAtKPogXW,329
willie,willie@example.com,$2a$10$eEsDmdVE/TyMtXJGnThoROQr3RmE.P1LtZl85cVV7B0WzClC81m7.,330
timmothy,timmothy@example.com,$2a$10$8RSG3cQm6uTEcXQVYVkWReAVTeaGUcLyueLh9MdKITdaMAIs11c6a,331
d''angelo,d''angelo@example.com,$2a$10$70PJkTir32jdvLctBLUNWOWIHa349q5xXLnQGMtxrTYcgrAKC0s.2,332
marley,marley@example.com,$2a$10$.4Mujd16Js1DbknjHbYbsOUNLJrQMlDXfvocz8mbbCUhzuCf3pDbe,333
shannon,shannon@example.com,$2a$10$nblQjoT4YrKuKm7zK0JM7.EO/RGy4unc7SaVPGYUtbK4QdtZ6d8gm,334
florine,florine@example.com,$2a$10$Gl37QHO2s8zGfzIxZWB1xuMj8rABCT9rBTaJONzMTmgzMvpVBz96u,335
theo,theo@example.com,$2a$10$GNZqV4dyX/e270B0zXM2YOYWdaEM3LCCBHIyRL7.leW3ci0BTtU7a,336
horace,horace@example.com,$2a$10$z7sDr64gms/l5Mvqsgbiuup6.cbxlhbb91DTS5rnPj54JKYbi535G,337
gunnar,gunnar@example.com,$2a$10$JggXG7RtD8qQStLGAKDGb.5YhirWzfE5cfSkoVrzFDHSGX2xUoTuO,338
penelope,penelope@example.com,$2a$10$4weKeP2ZRrsvJ5DjjLx0RuHAzvfNS3RNxsfAiV5.XOXaSQfK896l6,339
bruce,bruce@example.com,$2a$10$ID4Yy1JP74ggJ6AijVcMyOHlxes.T5XJw1xdxYkqheT65mj.JU3AS,340
clint,clint@example.com,$2a$10$drRbUKyP6H1bsArP4ddKe.loLQxlf5IH1.CP8d3/1AEoI2KR//7o.,341
tania,tania@example.com,$2a$10$S4BEz5XXfPtqcwoAFW7BXehG94EhhKfnMFDyFTg3HsGXqIFIcSUlW,342
lily,lily@example.com,$2a$10$WxhbLjTualE2PxZ7iTcZq.TDm864ALnSGz0fPTQOnHa7kbx8.PUH2,343
ida,ida@example.com,$2a$10$v12F40fGFEazwg52nrGzRe1H1TRTqVO.H.x1NXge1ga0wTlC.cxAy,344
terrence,terrence@example.com,$2a$10$R7iBeWxhin/h8JEjsUvFL.H9iNViEcSHct1KgxRfrSUWoicCHGudC,345
cydney,cydney@example.com,$2a$10$t9b4I48wKbcsbwC7YXN7eegoim1kRT.XOvW38yCy5SxYuuH19gK76,346
hilario,hilario@example.com,$2a$10$a6HyUyhkrTHua4uDjtN5BuViYvqj.dpGgR0dHR7guYOQ4fkQD7GCq,347
agustina,agustina@example.com,$2a$10$fLrbXx9B4Aigm6tfCD/ZuOMW0K8Bc.kl.pHbHTd54y3Fc/Rif1hqi,348
christophe,christophe@example.com,$2a$10$vSDVReTqqdD2./AZSo2z0.DsKLZHqqsFmjIFE1vwk4b0U4Ye6bsP6,349
wava,wava@example.com,$2a$10$W32hWNrmxEqQTIoKdfUNWOo2bz9ia7MUKQm1N7MabaDJCjB3Ku/ku,350
ben,ben@example.com,$2a$10$5mjX7G.zTfjFDMlVaTblKOd8Htsf.dcbgHv0f0OZhwUek70dYieAi,351
ona,ona@example.com,$2a$10$Aeti19uE0g3.FuMA9qJGZOLZxe8/bTHofUexOOMUSDz0NMNj5ADoq,352
bobby,bobby@example.com,$2a$10$fz9NhlrEGLB.B5Z6.q17OuUMdUjPjsmz8LjAxDluhKdzQd6ZQcjue,353
berenice,berenice@example.com,$2a$10$oQKjYc4KmS3w97PSH5ljNO/c02WaoVYSFGd9nai4VLYJvEu3bllje,354
eveline,eveline@example.com,$2a$10$3eCTVhLoKri6vp2bNNg6bu4uacW4y./HWMT6hQrEAWbOYL6PW2XOK,355
berta,berta@example.com,$2a$10$hZKy/OzQmmGI61XolWA5pOUuUfdwyKmuFmsbhkomu4O7mMlDcAmpq,356
stewart,stewart@example.com,$2a$10$m793gAnHDYrULach9UnRZecuPT4U4qxaChOYle/YMSludpadOJ6Eq,357
aletha,aletha@example.com,$2a$10$1YDM6uEMXDKeTlFm68P6oOUDeyH4hDREFObDhmF4922Vr59YwcWXq,358
bill,bill@example.com,$2a$10$lw8DwM2xg08terH75u9Z3eyRnRZXTIslGC0.K1uQ1/N8sj1gzz.TK,359
dannie,dannie@example.com,$2a$10$6kloEAry01hZBBMJ7mu6eOZu6bvXI8WDbsbmZ.q.goKN.pXRTF4d6,360
bonita,bonita@example.com,$2a$10$4p67YWdetdeqCInLzB4oi.6dS3bsNe2a3pFIFvJQT5gueAlC5KeWe,361
beverly,beverly@example.com,$2a$10$M50dciIa6/mdhFFY9F7wxuc9FWRW4cPf5EHoDu4BHjfr9/C3G/Ev6,362
abel,abel@example.com,$2a$10$PBiHyAi5ZsjYaZtcTR9r6OUnmQtEl0sm.QiLB0oYN92pffFPO1c4e,363
camron,camron@example.com,$2a$10$vPQZ3sVCb39bN4ZfslM2nOonoxkI7HvFkXVsV.iMGgCY7F3.kU7XS,364
tiana,tiana@example.com,$2a$10$ReB5PE2ZPFahp.BD5CUfHeJ07ngA5aQqwSijJPlPoelvdiR5yDXRi,365
murray,murray@example.com,$2a$10$5HojQJuT54bM24XKFrhWDeAmaGroMtueIG4Mv6ETLtNHfacf5xQfq,366
barton,barton@example.com,$2a$10$p0tolVhIDE5sacngAhP.euJbzx0Kj.eLRS/wQb7KtpI26ahtb44FW,367
marc,marc@example.com,$2a$10$BqyHjjxMz94XcQFd4KZ1OueU0l7CRzm3X4hIwnlFb6tt8ZD7HzZSm,368
deven,deven@example.com,$2a$10$MWW/Ox1MbUIBKtcBhhEeFuo0Vh71tlW40YzPEKmlAmNDVsd8OTLWm,369
demarco,demarco@example.com,$2a$10$5CqFSYhoPpH1V.qAqkEV8.BBr.srK9xG2Irs5MmX05AfQ3ZaeRWvq,370
anastasia,anastasia@example.com,$2a$10$3HFONzbXRW8F.gh29MMufOjPtgMSfUN1r87xbvg8hoDdQ3R1am15u,371
hannah,hannah@example.com,$2a$10$YgylWhuB6l6HbvWy91GSM.9QlgfJvjeYqf8e2KtYFPVokvllePFji,372
shane,shane@example.com,$2a$10$83LtTIQNjYPzvErJSj6lWOM9tozCvB13Xf7uS7nOpI5YK0FMnBB.K,373
jed,jed@example.com,$2a$10$aDFKJnVWk25U.Uc5GeoUyuoFCoiQSf3mT4fbzNh7DZVMnXb9xlHY.,374
bennie,bennie@example.com,$2a$10$bKgcOYE43lda5OKtWopoEe7THpT8wefqA7vIOoxtMocA6lhmQSIye,375
callie,callie@example.com,$2a$10$xV/LVrhHS.8uR1Hg8yLAne4poISC7EmfIHydrn45Qjbp8lrXsl2Dq,376
raegan,raegan@example.com,$2a$10$XxVfq3Ad.2iPCDttfQJ3IuZEfDZn5pYgmUrelDIfV8Y63t74RGAYy,377
maybelle,maybelle@example.com,$2a$10$wjlrDo7xeueFC7xhDAaZ7eJE57bu1zs9DXz8OIReuzDlewvTbdnLC,378
tara,tara@example.com,$2a$10$mg13WzrxYHoZzosMN9Ly7ufNnfdB3k.6tDQJDKfa4.AcD1AxWl3S2,379
brooke,brooke@example.com,$2a$10$8JdamYSvs36JAxiUfo/I3uysHUD71zsAB06d0Dk1YrlgyKu.nGYCe,380
trevion,trevion@example.com,$2a$10$ouX7OXFRrXuEvZUF49/XSusl0OKauPXvYdwc40nGQD57XdamN2Gke,381
rosie,rosie@example.com,$2a$10$0rmLvMvNANawHF1bnlmtfezLztPamXkhyfDYuah4Pi69nOET/JjRG,382
alysa,alysa@example.com,$2a$10$I.v0WdrAgB9HRYDLSRWoguodwglvgBJ3HoApYtwNmpLvSCz9Fdxti,383
gaylord,gaylord@example.com,$2a$10$gi3YV18bt7vHE2pxbZMMB.QXsfPlg/A/v1wse.MUX8VxNNy9R3ALO,384
reggie,reggie@example.com,$2a$10$Y234/Cg1k6gV.Cw.dDAQ0OFjLisgQaH0ybHYddIdcKUwXlKZNOqgW,385
madison,madison@example.com,$2a$10$TwofCxtOHbvVXeXvRl5MCeoAEcosZGqt5rXXTbsqTtiOiT5kKIGqS,386
wyman,wyman@example.com,$2a$10$gD4mvLsmkLolRWHQFxT8MuleEBjQeg1XxojHMAD9PTLNTOSJEA5EG,387
jamal,jamal@example.com,$2a$10$ZH6Ln.P0VeAqBKbwooS.1OtnEyTxJWwyO8fVA10yQhSoBUM8arXrK,388
geo,geo@example.com,$2a$10$Pr/bmjznQi7j6gpeeFRKTeuHwO2M1o5WEsqMSQIggZy0azZRUAuCy,389
halie,halie@example.com,$2a$10$DTlXZcgJSZK4duwFJPENPeC./7LlsYOfwjjZKRP8JW5zTmZDlwp8G,390
izaiah,izaiah@example.com,$2a$10$AVtUTZ1HVod8XnChORO/9eY64eohro0RxEhzeBEV1tyXiwaWjlWTW,391
chadd,chadd@example.com,$2a$10$uOvcssjZ9xKMxaL7hAcbt.JpFEOYpUpSYu6XwXUDjmKm7k5.h2lpS,392
sonia,sonia@example.com,$2a$10$AsowkHSWIeLGWrLFJ60QQuSGUcmaGSRWs847RN4ouUHWWWex8/wKC,393
donnell,donnell@example.com,$2a$10$IRx22jfsIURvP0qhqQphEu0cbSaCmGVSdJH42wkmdrrH5PlVgGcW2,394
shaina,shaina@example.com,$2a$10$wpfu5E9YXwY5VY3yadfHyuJjtSM922ez1rVt/nlzG.0tj55LJq/pm,395
evert,evert@example.com,$2a$10$LKKzphm3Hc2tTTVrLbu8K.vUXqUJQRrDxUwpxvQnS6VAPjb3zc6vm,396
lora,lora@example.com,$2a$10$XS4iDNyRamGNnhqWtuz9xemHUHv4Z98dnvoaDdotTHdxzE6g7oUDG,397
tyrell,tyrell@example.com,$2a$10$jj1mvt1pGa45va6gm.jGt.IfTZpVM3.6722pePlMFg2ok8Kcecp06,398
meghan,meghan@example.com,$2a$10$aYq1AVHQgDDHjkGHyqkcQeZ2v.9wV0F.PzBUf69wf0Q5l7A0kxNQS,399
delta,delta@example.com,$2a$10$h7Sfzer.a0B2qhDGQcEM/um7wP8qez386Uf3nfdnAVl2ms6dqX2NC,400
hobart,hobart@example.com,$2a$10$67xREwFFE2zQIQnfEZFII.sQkbYgTPPCpdUTwSJcNxggD2w5f7OJW,401
madalyn,madalyn@example.com,$2a$10$io7of2Ho7cihDPB/Ss1IKOmYhvkd6qIlkLqUVUgs.tyENyHZJ4bSe,402
jessika,jessika@example.com,$2a$10$CkO/EeCI2P5LLvMObASQ5OCTS5oatP.szt1pYInZZUFtKSmhVSGfi,403
hyman,hyman@example.com,$2a$10$sV6U9KzZS5LpEgxwPjhRe.CqBlyTrpVGMsQF58aZIgfk0aXtt8MWq,404
seamus,seamus@example.com,$2a$10$92cZ8WgIvsE676x4FGkp4OytUkZksDXWjW9FVNE4EsFEU7ko9xc4e,405
vilma,vilma@example.com,$2a$10$4vMrq2kmArq9ZCiK.Z/UCuPwLoKcbiAb9r.rr8dBCNW7TqFQ/6mqW,406
jakob,jakob@example.com,$2a$10$LSZ5OLSNQa3jFiCZ6MmTs.0bPWGQ.hG3WFYKKO8NcJ7boWrbdssCC,407
brown,brown@example.com,$2a$10$Mi1oV5pw8AvF.9Mgu7ZxnerWWYf4Li7QYeEqoEGCF/JlVT.GjGklW,408
anika,anika@example.com,$2a$10$/rKfVRuElhQPcasZkjxzoOMB9u/7CfNCYOciYaeCjmJUWjS7cBE1K,409
kendrick,kendrick@example.com,$2a$10$hCLXn/2TNjSn2Bd9zypHw.r9Q6W/co4FnnLvzdJs9Y42DhT/lDBaC,410
tamia,tamia@example.com,$2a$10$cTMuhJP0Qtq8w7w7Hp8CZObORX8NVH/a/Q1H98oQ5O3EsS59VY4vy,411
garnett,garnett@example.com,$2a$10$c.iPDMGXuI4zdSdQI5mdc..SGxDM73B89dK/jEhnoUYceDMhAnjXW,412
brenden,brenden@example.com,$2a$10$pwMBzoVchMDpVHzKHYOcCOJ63VTiXqdNNFf4NPXea04bOtxGdRd9.,413
morgan,morgan@example.com,$2a$10$Q4eb280Qjuzc56likUDRcO740q3q0PFQfnnFydUZAC1rI8mhNIo06,414
roel,roel@example.com,$2a$10$98z6cET/6vz.o9Idj.fjuub37cgYgOW/I8HlFs9/4TaNORJUENKOu,415
judge,judge@example.com,$2a$10$T8KLLuJQ.CRlHoSE8.L8newF4XBgLpkpex6xJje7xHy1ULcmTGnHe,416
edwina,edwina@example.com,$2a$10$jRYimX/hnCS9rZGJcnpl5.TFz.k7ToKWg2ZuJx1C82xxgBiHnOlD.,417
deshaun,deshaun@example.com,$2a$10$uwlgAY0JhQz3GTUExYrKBO.vSGcplkRPib/DAJsF2Y3WwexQsbvM.,418
janae,janae@example.com,$2a$10$MyjuQgD7uUQrlTr3EhjaV.pDx7BzluW/zGrJZT2GyoBqB9J043eVu,419
cristopher,cristopher@example.com,$2a$10$fuOhPBTSZiaTADkSusd8N.bP8hJBsFMNgNNihi4DXBx5N191fnbdG,420
zack,zack@example.com,$2a$10$3R77xSkS0YYfSZ6jPlUr4eIqro0cush/QlvHdgptjyotp6sKg3Sm2,421
skyla,skyla@example.com,$2a$10$l2vDmBIuxI/W6h2HrmJbA.IjYG1pxk0/kFPVo4X/vzkd4uSn5V76G,422
arvilla,arvilla@example.com,$2a$10$UxW6egqkoVi0DwrijT4KLOB3OlO2zm14IZ1zjphEyJ2rMRY7D6Z4q,423
kailey,kailey@example.com,$2a$10$yn5uzE/zLgryOvi8fw1J4uWFzexgUNSPaNlA7Y9XDw8CBBLTE8W/C,424
ed,ed@example.com,$2a$10$Q8I89.KzHnrO8HKylTOxueRT0wZZ4VHZOAUO9xB8AGKVcygiG4hQm,425
king,king@example.com,$2a$10$Ch1tTI6.nL6TjNq2CKVJTeqY0EPqxDOdYydmXPvsNqFwTfV4CMSHS,426
alessandro,alessandro@example.com,$2a$10$x3aQH0YDqVdid0i0hnjHf.hGh05eXT5or/EzZ/8ggNbmajOAYvDjy,427
ervin,ervin@example.com,$2a$10$KWVfh/Kc6VYmuG0klf2A4u.E08hrA9dDQfCkExZg.LEL5dx.RquqO,428
santos,santos@example.com,$2a$10$iEQRYnlRcH8SXp3r3bqF8.R6sT1bTG/mJjncnPr7FXYvKfVQX1g.q,429
savannah,savannah@example.com,$2a$10$xzu5poJQyn.4Hki8sq5dm.v7VGj/rwJui9b1j.4k4ePD.zXgB0ZIG,430
gavin,gavin@example.com,$2a$10$b/7KBFiPvaBrgxRAyodqJu3lTI5sQqj5DNVOZk5/DwGWfWTaFhBhW,431
nicolas,nicolas@example.com,$2a$10$N6MiNeNoYu3XRxjf1QvseeoqUgFjCOujSefz/IqMjFabP3MNDiHhu,432
kaelyn,kaelyn@example.com,$2a$10$GQ2q0EoRWsKQeNidoaUdJuAr6NL/uBk/K8MS4JH3v0ajTb1.Ek1Q6,433
eugene,eugene@example.com,$2a$10$axH2v4J5SBLFVCZNvyBtvungMhVWDipoXVhOzy2Zf5F.s525EhHIG,434
gustave,gustave@example.com,$2a$10$1Mo.DV.bj2NfnGZ21giTS.2r61oNc7j2LHnWvOauVgnyYF4GmcxfS,435
fredy,fredy@example.com,$2a$10$hqZfXzZrHRBqujeP0OLY0esqbWcxznkV8YfES5CWIfgUCU4UTzU3y,436
brice,brice@example.com,$2a$10$xFTrafcITCIloKnsK1sOxuovl/4mEvpw8MEJCkf3olLH6T0nRuJ0i,437
santa,santa@example.com,$2a$10$9atDB4MVTaPhJ2FY69tDfew4XClfvJkyZ3LI24nbR3yyfieu1fMBe,438
elwin,elwin@example.com,$2a$10$NEZlZIc8bge1/tcliCp6P.ESbB5MnJQy.Dr30kcyaByVPX2F8ELfC,439
madge,madge@example.com,$2a$10$KyzfoQDuzkKgBzEMSoeE/ua12LXnDJ9csKWdIjRpETRwdB4Ugl/gi,440
christelle,christelle@example.com,$2a$10$ixrmTT6OmQ3MVcqw5WeNLecAOneN5x2dBUBBxZXwUhKzKgf5J0LzK,441
isabelle,isabelle@example.com,$2a$10$aoykuB0dqwELTJ6ti3y2MOHtQKXpXfXeIImFo4cbTxUKWKcEl.cBO,442
phoebe,phoebe@example.com,$2a$10$m9dGISDXqhneEP9qGu7yQe/xAZy2vF7aRVrrAzW6NB64cAhne8Y9G,443
bryce,bryce@example.com,$2a$10$oqyRufp8SjLJy0bVBkydxO5Pje3FMfATbirNVH86rcy6GNTdz2T/e,444
norval,norval@example.com,$2a$10$c/0GmSPofBuAnBL2ouI0JeJ.pDwbSEEMMs2ipeO9H9ij7UnjrswI6,445
chasity,chasity@example.com,$2a$10$IitaBUUr7pyEvSXy5rzSB.0ubMZ42WyIqLrZPi/MEFho.wSToo/nC,446
jacklyn,jacklyn@example.com,$2a$10$d8mCgOjXOJAo.yq7K1iYlut6PHexDT0DbYvMhibkbbCGC9KSUlP06,447
skylar,skylar@example.com,$2a$10$gcg9LeF/H0MwobIxZ9Fcce8jjOJr3pMHJ0BUT3OgkFmza3KyO3u2a,448
jena,jena@example.com,$2a$10$L0AsEHi2VxNmycZgsHPZbuyLQCm.A/TWGkhvVn6nMDf4V4cKpePbq,449
turner,turner@example.com,$2a$10$JpoRU2/8GLLhE/WeV/G06eYpZoxsm4KzzxWy00AONBFS4XpVAdROO,450
louvenia,louvenia@example.com,$2a$10$W38ykwhhFJgfQg4tg7FjM.uzyV1UovIrxZ/o0gi0DSiDdlaZi933C,451
brandi,brandi@example.com,$2a$10$1gWJP.X.sXDuPC9ID.o2ye2NvZedJqVd9CUf/hpHHBfCFLcpZuUsG,452
adele,adele@example.com,$2a$10$TM5G1UfRyhdcb5J4rNIRFO2WkfHNAqYrVhPbBhR07y/a7klQYQ9y6,453
anastacio,anastacio@example.com,$2a$10$cguvitF.s8lp.v16Z/wlDujrCvbxulN2TXpzFVDQyhDgjI6vDD.ly,454
liliane,liliane@example.com,$2a$10$9zQAYKSNsDLk3.PjNZh6GOBSXFlJ5eygSTJNIhv.nmeP3K9Iwygqq,455
lucas,lucas@example.com,$2a$10$e44fOtqct8MxDLQzqLN4tOzI8h3WjNVKzmsSsAshEQqWXMpJkJugC,456
kraig,kraig@example.com,$2a$10$sC15jKfQG7dkuPjYFwH58.YRwa/I7en4wFX2UlpQG1paf/ELZuL4.,457
providenci,providenci@example.com,$2a$10$HjS36nA4kyIIGkDN9cE8lO.Ln1U4mQazRrfSphADNhtvNo3c8/Gfe,458
karli,karli@example.com,$2a$10$lt5bGJd161v6rsRmaQ.XOuPukXOUQ163AGrNiSj4nck5tvULtbIU.,459
urban,urban@example.com,$2a$10$ZcqYDlib5C2i6N4DzlE4Ye2QBJHEvIGLGxY9SjyrhC.6iz0KznTMS,460
eleanore,eleanore@example.com,$2a$10$NF4EnSOcyeX4tSc7mMwHgu8qBCDkvSDq2vJI2jr1yNNyRcI4m4L0u,461
schuyler,schuyler@example.com,$2a$10$pbdWwv/RvpLizY3Rj/2rw.G5SOkRssbLTU89qhkUfNm.pAmnxC03a,462
reese,reese@example.com,$2a$10$/i84FXVz3cw7nq3b/lj7uO2yOLErtNKsszd1KmkEyiBsiCMavukyy,463
nathaniel,nathaniel@example.com,$2a$10$kTKEvpaKvX13qC4ALQvNsOeU95BtNT6KbQCrJTZ/jQoGxt97CeUV.,464
collin,collin@example.com,$2a$10$AcWPq91zsudWZxttgG9NM.AQAzEzxdRQEXWOEZduNIMKVaSHCtAw6,465
bryana,bryana@example.com,$2a$10$JQTBSoGWOnIOLQH6arvVkOcatrzL9hAxZX7IPm8H97T.L1oEzWc7S,466
jessyca,jessyca@example.com,$2a$10$K1kOy8PaLk5perkjG6J88OvIoH75WUW4gm.oKx2ihIV1hojGgFPZ2,467
amani,amani@example.com,$2a$10$Y/VCwRUFkpv4J1VeRrJrauVPyVZg8NSkZcUZNPgWKfGRZxziNMrxe,468
serenity,serenity@example.com,$2a$10$foyJgyB2v1uo70yQ/SL4iOkSkMgQdJMtFHz8dgXHo55rcqo.bQPWu,469
larry,larry@example.com,$2a$10$fXmacg7j1hM8hokhaocCX.uZ2sYSyh4b4UKUIAyHdWMH5u10/g26.,470
cordie,cordie@example.com,$2a$10$FKSNDSOURq89vOBPHqndn.uaStrJDITt0kfMQ8Y79OAxCs3r5Ovn2,471
mayra,mayra@example.com,$2a$10$GvY0rFcB9m9V48uPyxbYautRHu/UfX9I4ksPZMqwQYw05V6EwouRS,472
sylvan,sylvan@example.com,$2a$10$4ajV3htKtuXsKTFgmhGd5eMvrrbYK2nw2qsWHPqxgOAGbuEiOi0Au,473
furman,furman@example.com,$2a$10$.ZGp17plLtt1YfWjcH5gSeflRtmPPvPT1Llm.4/1rqukA/iS4mtXi,474
cora,cora@example.com,$2a$10$NxNA19xuUXBvrEDsCnr.2.sHCvfXf89SeMAmCobPZAxAeedWs8DFy,475
major,major@example.com,$2a$10$OnBtJ.I3aOw3U3ggg6hM6OvDMoqV06CyV9gSsf4wQj.xX.ZFUOaB.,476
florence,florence@example.com,$2a$10$7olOTa60q8Jwbk9Zc9apTOPRbIuBkbv7Npeh/sGJRjLlaBw.H7oMy,477
enrique,enrique@example.com,$2a$10$Oat/y8CHPS08O4fyoSRRAeeqr..qz383HoqOToIkPkLYHwLnqBLta,478
elisa,elisa@example.com,$2a$10$DYYwRic.gmC8corBvta.7e4N9b8wnEgTGoI8WbDYPq3nAMKy7DlDO,479
linnea,linnea@example.com,$2a$10$krwkRMYh9SgKvlP7blqtEuIuyUedhfhC8VKLuhCliC3RbULZ5hzTW,480
laura,laura@example.com,$2a$10$hm1KIqPPhTwYH2otbJbiWuh.qU8wkt1kZEWeCXWg7IBIB0TBpPsdS,481
larue,larue@example.com,$2a$10$yILbfHJ10.LjZnhpGb1ez.uYjaADV9fnDD5xmpCPAii7SKEXZALzG,482
cade,cade@example.com,$2a$10$NRx2lDBbRuxWhsCH4B46Q.xHJRA0drVdlB2/Z1CJ6p7Ed837fYmQy,483
nicolette,nicolette@example.com,$2a$10$ElG6sskB35Nn989GaRyAm.hbGE4JpMul5a4Ee4iXj1CD.CGo/gMfG,484
melvin,melvin@example.com,$2a$10$UK2t1PZt1WfNrPsPQotvTu0TGJ8AfQgUR8J2nSrUb4ZYCXqhTiU0G,485
marcellus,marcellus@example.com,$2a$10$SPIHg38rFJ0QoyfxiCJOd.CY.8X.zlcyO6FRiB2GzIaMF6i.X0BkS,486
charley,charley@example.com,$2a$10$bIJJEfHGSpHqm6TJ5GKVE./GxnWhCd.ar50aoQLwcya1epeKVZEMq,487
vallie,vallie@example.com,$2a$10$4rYXHX1n6nC4cQUJo9BLTuEurVmmSJH3kKdny3ZJO3XK35hoB9OJ.,488
reva,reva@example.com,$2a$10$r62bPd.2mYK6MrJuhnN8w.QqKTQE7app7FzZH4e.8hIW123gCaaD2,489
jaleel,jaleel@example.com,$2a$10$19/wq7pdGNFjPD8KNNLspeSf.gFRMtsnPCBSoM68sh8Oa6jiiiGtm,490
max,max@example.com,$2a$10$CXU62sL80kwYG7.sZQnnr.46F8DDmfdfa8OabX13/TDWg6vh/nrbG,491
lavinia,lavinia@example.com,$2a$10$g7X17XpJ67rAlWAChMxwjOXRmQKPT1E/qOXObfR/tFit9O.v.ohW6,492
lyla,lyla@example.com,$2a$10$GYS8yACM43KWHkqHuluDlejdEq5nmyFCeYEGXCpdYXL035ZDsqlzS,493
maggie,maggie@example.com,$2a$10$odXjRO8FwIgsefO7zLdMleWnIjYIpa2q1/2y6lWfr0Ql2yYOvEdx.,494
sidney,sidney@example.com,$2a$10$DJjCxmJXQdLjCWHYhP6U0eaolr/xLaI52SFOYUf03KbWX3ukBKwYS,495
demario,demario@example.com,$2a$10$Pfdyd414ITjtq2k.MYrRJe3jbedC9zBrLuse7lqGVqco1Aaa6cHJa,496
garland,garland@example.com,$2a$10$X2T2m3IBbJu/0SyiXJMibOx.KGg7fZZiUHRUgD2LE5G73Tjh9B/6u,497
art,art@example.com,$2a$10$Wu4WlC77PjziGBLpmpLLEe9lUrIkO0e40gXRYThRZSPY/0BmeTQKu,498
charlie,charlie@example.com,$2a$10$jaE1/QyNtxdNw2jdREJUyeb2.d6ZxxRZrjxR/1ffbhHcdi3.DhoBO,499
alberta,alberta@example.com,$2a$10$qwOititTHPdpOg9tz0gEsOT7n4ZjtxEl4r9P5M1r5I6cbtCiZCbGa,500
sammie,sammie@example.com,$2a$10$u5VQ1tA1eRN/fOmLI3o1h.1YGnokRe5NuRrvlqr3B8eYbdO3U3JIS,501
austen,austen@example.com,$2a$10$9XsEFb0e3sYwmn2tcoehee7rKEIdL6kRbaWEF.CfP1L8gjfwQpeAm,502
april,april@example.com,$2a$10$q0pf9uxtkwmNkgpbxijYXO0IFcXUGGDQtbHZgmK19/derl7FFsCgK,503
krystal,krystal@example.com,$2a$10$Kc/R1ISpyZ15/1ORnRIdcuEltHyTDth..QHoF8dYZhS3GYGczbhgO,504
abdul,abdul@example.com,$2a$10$RuU2lRI/OlmmdcDUUHOPlujNGFYdwnmyzHqzuuQ1Qz/vRT6uiCO.G,505
dave,dave@example.com,$2a$10$3QHdv23TtdoCJUQ1Pt/0xOfdATCKan0u0XyTTskZbxgp7ghP8RUM.,506
janessa,janessa@example.com,$2a$10$4QvHepdL96vdDCD6aIpIOOQiGOH9871zpcGOsVNCh./gA0Da95Dii,507
ryley,ryley@example.com,$2a$10$dtsVcVblhmnWLNA6ZG8jVe9FGqh9Af/SwEPDVf9LoWHBVLxRX4WbW,508
joesph,joesph@example.com,$2a$10$xzH.XGaJnRuzidtlt/j6FOEFImmuK7AgXDkojOinUxNItX6hs4Taa,509
cole,cole@example.com,$2a$10$zKbToJAzzeXbN7xpn.gSk.4gytIcK1at4e./9UY4ekCUavzOKasaO,510
mercedes,mercedes@example.com,$2a$10$p1Ygd7cINNajEKcIXA.Eau4yn3qXe8TWMcIyvCqfeiUnnwg/YWmJS,511
sid,sid@example.com,$2a$10$VdCnttXqUFKcLxtyFXmqB.n8wd8iZYKFXaACZG95NcLz9bau7Pvlq,512
coby,coby@example.com,$2a$10$g3lL3qfdVh7pnQM2IdMbpuAaibG9MRH736blaapq4sn4CuUjwMeJK,513
mckenna,mckenna@example.com,$2a$10$dvHmeI8ZHPP9fpW44mJ1TeX4fUN8Zbh/vil8IJ6YNJ6rtwfD9wqS2,514
chelsie,chelsie@example.com,$2a$10$wVRwnyAtkhODjVQysU6RIuOOfqgwIgMozzPI8INKbe9FcHkZM3ZZS,515
mckenzie,mckenzie@example.com,$2a$10$SyABI/O7rLoIjxfj01QyRekTgUGdXhKuQBjTxOx///VhPxWIAPvyi,516
giovanna,giovanna@example.com,$2a$10$.UJuhoHhGP7jr797SyZu0eWDJXW3Z7ftS83e7g6IJw4xe8qvb3dXi,517
rigoberto,rigoberto@example.com,$2a$10$mE6ByApvgh9sjDhFP4qXFuPhucCzs6ddbJQ70BGq2SLNwxknLejIu,518
margret,margret@example.com,$2a$10$GHr1VzHg9t34MWaNsDnWTuzgIp//QqJPRDRaNbZkdRrwsZwEnIK5.,519
emery,emery@example.com,$2a$10$mWTz6leu3W3.C0NApSeTouCAmemP556hjtPMck0CCaKmQ3CZa2OT6,520
rosario,rosario@example.com,$2a$10$f2PreK2nrscG5ToW8f1xNuue5sFoEWt6a7wn9u.uViWIwMEKtNpOG,521
ena,ena@example.com,$2a$10$v486dcYgYJdkutzUwaAHmey7ruHtWWBTiLgkBCHQM218gqg38AzNW,522
kaitlin,kaitlin@example.com,$2a$10$0XlJ6nGl/uQ3ZuOAp3rQReYA3qdupHgFVCW2I6dzU8aDdpD5T.1yO,523
nick,nick@example.com,$2a$10$dMhAWauSWOUAg8Qet8rjZOxejW8LSIybbr4aRpXgkct.NLhXRTg/y,524
pete,pete@example.com,$2a$10$GQK1WeJSPEyw93K3yAUIb.C4uqU442uzdNq5A2UWXOTxYE6lyLQPG,525
hershel,hershel@example.com,$2a$10$/Nd1eJYmKUAqJW15Nt6qturDPQXqrv1wv0TVXFEpVDrh6bRnYPFWi,526
opal,opal@example.com,$2a$10$/tQbwWzIJXvTtlet8Ppbie6Lw0wM0O.DIgHnowpNOWsCkqhI7QEXG,527
roderick,roderick@example.com,$2a$10$eop.m/Tu1pe.g47PnWdyvOQi0UopKJCQGKfwesn87KuE/mW0dYphi,528
cordia,cordia@example.com,$2a$10$HLDiripAy7LRIcJI0wevseFwGix786htIlXCiaCEg5AizzXxXja32,529
gilberto,gilberto@example.com,$2a$10$RcbiTCsSDdxf6SfmGM5CH.0pV9HQzTGG3O//vWx4Q55Qvjzyo40a2,530
danyka,danyka@example.com,$2a$10$2lY20Jf8pAhc5DuOigoMfeGlSOBafEhZhch0JzE9Cv59m2OStZVse,531
sammy,sammy@example.com,$2a$10$oLC8HfzP8MHFl/Todb0rJeyjeTq6KHaa/EV.eGFOQ571SdvhCWdDC,532
cassidy,cassidy@example.com,$2a$10$T/jJb6.brUsOGdsG1qWeRO7xLgbciLLQ7FGRf5GvKjIp0915ILZQW,533
ilene,ilene@example.com,$2a$10$YcijZqKPC.NX6p/54jQxY.sEvvzjRcDLeE.UoYvx2O0SRwAV/6wvy,534
patsy,patsy@example.com,$2a$10$8wRdCQsEQGaumP.HajSVtODApkFGt5OUxz0mxI5Vm5hOfIX0sa24S,535
pierce,pierce@example.com,$2a$10$wivqqMdpgU0dn4UrTYwvZuLvgYPJBHRwW3fLqe6sBQLQL/MRqmwZC,536
luther,luther@example.com,$2a$10$Jq5JlxwXdFc0dMSrqUZgveHuZHdHMwN4zkTah/CBOr77RuERVU16G,537
ellsworth,ellsworth@example.com,$2a$10$vyvGqylrMWBF.xVK5GXH7etQ.daxZiq5cnJZUCT.NgylOuKr95rNS,538
brendon,brendon@example.com,$2a$10$7r290zJE9YLBhrB1T8ilAufecbwpyNCVoHSP2zVVVJczt8ShXEL3C,539
golden,golden@example.com,$2a$10$jOPA8vy7yWpbKyLUBCB8F.eYVNC1iEM/L45xcINoluIl1u3eR3UG2,540
orville,orville@example.com,$2a$10$PQE2DbUDw3NHTRCDBSdEI.luz0By6t9LlFNR4GWw6w3qowA50VkF6,541
lavina,lavina@example.com,$2a$10$/n2iwpYnD4O7TRZslarFmOV/JZjcVKwQubk6OV8bXgptT0L6/S0Hy,542
nina,nina@example.com,$2a$10$AzgzM.vlUkLMhvnFwVdNTekUnh.22Ca0e0r8Szb.oFgsV8LliLVb.,543
alfredo,alfredo@example.com,$2a$10$xIPfnVzjrJCGaMi/krgNHekyN6E98WlSC9.secpLd7OEH9QuU3yRa,544
eric,eric@example.com,$2a$10$ArsXD/EsZ0TyAPBOhIRAkemyXJzwY5ZaBqUB4oHFoHIaVnaAays4i,545
deangelo,deangelo@example.com,$2a$10$QJHrfJrl/KHNu7PmTI27XeQ4xB.mJ4cSqVyUGD.liM3nkOO8446cq,546
chanelle,chanelle@example.com,$2a$10$JMmIKc3ZSQcN51ZRNfrn4O6qOuSSLK2.0skPAGg8Y6youGHw30GPa,547
liana,liana@example.com,$2a$10$VZaLyBtsEbLmP8aLLHhF1e5WRfzS0pr2i4AaQPkLTAZr3PgCidEs.,548
jonathan,jonathan@example.com,$2a$10$zrYTG.WNwuSP/qYfsZS8TOYasJC183V8Zf0KRmHIpt83rkXpzSE/S,549
telly,telly@example.com,$2a$10$wT/WWaJzyuvLgHFwOPPAh.atE2MH9wQbrB7T3028dRoSMW4AyPCb2,550
cassandra,cassandra@example.com,$2a$10$tIOg7TT7ZheZd6K8cY9QIeNcev3WPvK0DhXmCWDJzG6qKS2tRROje,551
general,general@example.com,$2a$10$GIjMNbV32KRbs/E6yFfit.77etsTUZlYByVTwO6hmNQ2S00B8eHYu,552
zoie,zoie@example.com,$2a$10$gJhPHJPJqfOkAmjo0dBfNe1uqaGGXonZfe2qGcWo9h963LXYjJkhO,553
ralph,ralph@example.com,$2a$10$Bppch2nQFmygcXHLDJgWiec2O/ID4RQVmfobnU65TL9U3PwSGyvJG,554
casandra,casandra@example.com,$2a$10$1qEs.iXCi3i23LD4V0SHsu3XBm6qShtnJhdvUFrnTYiR4HL4PFuSq,555
meta,meta@example.com,$2a$10$iPj/qUsuvDFiSwVVeG60ueWsPizMGz3.aPin/ATcMSbCZZomuWoP.,556
laurianne,laurianne@example.com,$2a$10$U53x179kro2YsfnCIPUns.GGau6Fkj2URd0wkq0LB1pUN8Y7El17K,557
elmore,elmore@example.com,$2a$10$kLJ8L2cutKIzSSWbWWprHeFBByQBUOtEdjvTcaurwpdnfo5SubxWC,558
gunner,gunner@example.com,$2a$10$UhyFJsUoRapU6FWFXTpzHOCHepQ5TQNQONJ8MJ7H8wSxRedkFcpFq,559
zion,zion@example.com,$2a$10$xkSeqdHEPp7ngQ44EbRyhOdVrETpU11ChdBPwQJjmgYykysWlmGgm,560
gabriella,gabriella@example.com,$2a$10$IrhpRwtYh1GkodhVE6hYf.OZslmoNsFaG6tFDeZZc08yAm2zLiX6W,561
amber,amber@example.com,$2a$10$lHNYAgKpWw2Sar7f.3vgN.xS85PWoM8YfUN4D0nsyQveIjtW1yvDy,562
benny,benny@example.com,$2a$10$Og4PBz/K1lKepiI.vIL63ODYNCSbHMHyWselL411WKWnd/xJz5pu.,563
cristal,cristal@example.com,$2a$10$l/GsGWaF6B6XQsfhC6TTpex8gx.dA4OHa9/iKshabNOOINM2oJDTi,564
elta,elta@example.com,$2a$10$iwz0bRrO5E.gv7tABnFRhOfr52UBF/XWuvcZQDfIt7ik1F3kJEXdq,565
leanna,leanna@example.com,$2a$10$dP3aNHNC1XCw0A/epduXqeYmu82jI.EStDe4wrmu7kkoqN5luKEBa,566
jermaine,jermaine@example.com,$2a$10$6rLo2TePN0sWyhucSASFfO9ZlLLAvty4NkIGbj4rCqocj19z.Im2e,567
emiliano,emiliano@example.com,$2a$10$OZ36yGmiquOOp6MKi5yzbOWIXe93U2xR3eC7TjO8zQeeGqMFCxQCW,568
stephon,stephon@example.com,$2a$10$wVN8duIyUMMhOrM8B9T7J.SzfGSnHI/qExfDP4hcO.bKXTT/vADlK,569
emanuel,emanuel@example.com,$2a$10$1RpFJ1fsnFWVgf6dUAvbPuq5aSQ8nXrixsakzFC2H6maf7VRyHDR2,570
richard,richard@example.com,$2a$10$RP5KVs9Q9a5.UkBinAGjd.bIxKFAA2HyY0ia/tFga8i3ZIW5rB6Ae,571
verna,verna@example.com,$2a$10$y.sAttT7KB4kndphSURsFuc7QhYlItg3yqsr/oPzwc6PxldN27eqm,572
weldon,weldon@example.com,$2a$10$uV0.SD.MvlPUi9tMiJmXmObIZsfzkkR8RRKgOm2XdJlOPaKlbSK4S,573
sydni,sydni@example.com,$2a$10$2qI6mvxiSbOQOcpMzOV0zeWzriMzYRmz6p68Iuu2hdkMYbyjeF9Qe,574
ethel,ethel@example.com,$2a$10$QJCM8O9sHt6bsjoYv0911ukaqiRX.QQ2PlbIZD/DIu9.IN.0Vmn/e,575
curt,curt@example.com,$2a$10$2arx2k3mpSwxnLt7LljxOehRCUJZNkdGhX3ZbIRiDMdx8kABAhnbO,576
bell,bell@example.com,$2a$10$3YH6HqoR0.R3K64EiHTf0OPagxycD/.yv11H0biUnLwggo8FNyRiG,577
alessia,alessia@example.com,$2a$10$RSnYT49hxkw01FnmLsqlF.sKloE1x5DN/19CSGflVQfgTZozriuCa,578
bernice,bernice@example.com,$2a$10$lfegye6iL4fQLWVX17ZOGesxeFNDKi6OMXWN2I8V4w89iu0VFyf3m,579
natasha,natasha@example.com,$2a$10$7JcdxEdqe9HCpYkrHZINf.6BE2/uYAR/5k7Pi0uRt153zN0COz6AC,580
kole,kole@example.com,$2a$10$euZJ2S4M9r8Po0hXYTmmOuFQruevjowiq5OzcN4Dm.14JBJ5hO5aq,581
coy,coy@example.com,$2a$10$ZVgJQ7F4vJJNINj3GJrYre1goXvW.IFc3W8ity1JFFROUtecRVSj6,582
waldo,waldo@example.com,$2a$10$VgiMtSoXKWSxbL4DhTjJ1euttUxowJC3hPhZtSA.uZ3K3xG1Q8M5a,583
karolann,karolann@example.com,$2a$10$MRaTb.oHG5ApZhXcBvCgr.3e8l1tCcQAwWSHGeMQQmULDduB8Jbjq,584
dayana,dayana@example.com,$2a$10$unjwZIrtlgI4q12HDSeEoujS7GNL.0mGxu6JjVyzFCOB3WD3EyyXK,585
damon,damon@example.com,$2a$10$UlbTsEmdZW0CnkWC5ZlDR.xh5U.gpHP0BkxUsnFRO/eVrYtVKumby,586
faustino,faustino@example.com,$2a$10$debyLcKPz4nXsxRljTxvPO0H922kxZkDfazZoRbH5HaJ4yXIU9Otu,587
ryan,ryan@example.com,$2a$10$baLJoZP1nTWPGBKA.eQ4Ru1Y.nnQJwIl.ogqjKWj.Os.zQGNRV5DW,588
rosella,rosella@example.com,$2a$10$CfIRpOAmhrooKkHD0.uJ7OS/6zSlgYgJAebCq.p8KDytsPt7dFteC,589
harry,harry@example.com,$2a$10$9.dYuqxYimPHF5toHo6gZOv6nljzQ129uDwM8fzd8Nr42UPJclnBq,590
floyd,floyd@example.com,$2a$10$1RUHZ2fpDmtU1eRrwH.K2eStxBlik48C31vOjjx60y1ARqs3J6ZE2,591
melba,melba@example.com,$2a$10$QgLDm.vRsrj2uC8Nqbw49uHlM010RESLsap1.x3xyfx/aIWto52l6,592
alexis,alexis@example.com,$2a$10$u1uT8mavREzED58VkKVbNuN0bB1ORhAxSfdE3Uf3ITkbzdeejgSNW,593
yasmeen,yasmeen@example.com,$2a$10$nvKMx1zY0XkBzwbg62WBjeEOwdmzNKYHbUq/dgSKe2XATZMyqZwcu,594
justyn,justyn@example.com,$2a$10$zsVGX2BX8W0E3ucgS/f6ye0CAyxlp.uMLhjtorvj5LHOTJgEK1i5K,595
mortimer,mortimer@example.com,$2a$10$Sxa8AZb7NQpQL7vJJzm6kOExZpY8TRaIMNcnHYCDYbIR9iZGrQU9q,596
sadie,sadie@example.com,$2a$10$Y9kmW73Uuuc2KTdlT0fuq.6nBAUzMz9FdGPSi4JTajZHVpigYWN9K,597
angelina,angelina@example.com,$2a$10$kqkLDxTCLpU/.a.gCSNclObrGVcTUqVpktlA3e3osSTqloIyfynby,598
velda,velda@example.com,$2a$10$7lqsmaLethgdRKwLE89DIeDMPxcZ3S87wXX0yGBaQ58hXCsgCMDdO,599
mathew,mathew@example.com,$2a$10$3PpZlcZWE8rgtBlHBxgu8eTPLg9cxH2GXOumVUuT11WZtdJ6MRC8m,600
nikita,nikita@example.com,$2a$10$b9xpS7Vii.UVPBfHd8VsvOiIeG9dTSN2vN0pl5.bo.TnUeQ2itliy,601
fleta,fleta@example.com,$2a$10$U5aDxX2XkOFTzyOEtaLuo.vNzsBIQ9nxjRHYJDvmuW3x548jDjvIq,602
faye,faye@example.com,$2a$10$3ps9AwzkCude/6mia9h3ye.8rEzziwcgwe7J/Mkpk0XlbKezUbdC6,603
irving,irving@example.com,$2a$10$Dwu.IYRz8rOtC.53sxtuCu3tEzcOwNhTOudzzB1/CgukhH0WArt4O,604
jasen,jasen@example.com,$2a$10$.MpiZyBVvx0cCJ6nwxl74uNERqlHx.ZRNRxvDOP4A0CG3oQUxtE8S,605
zechariah,zechariah@example.com,$2a$10$7ixynctf5KV1TJUR4W82uum25PSNCNdAeMSzZSY85/IgBM83yI8s6,606
luisa,luisa@example.com,$2a$10$xmJZSu9bmzSRtvsqq/Ths.gktCPf/Qljk6QipIcNnYWPD8t0nnsYq,607
evalyn,evalyn@example.com,$2a$10$NwYqK96gvR8aznYidL8uZu4MOyD0aBHI2k5/ZHpCcbpssAbWPn2eS,608
enid,enid@example.com,$2a$10$9eRzroYHB5qf.qSOTHRiX.P26WLMi.8kD7gm3TNR8Ozr3mU4P18ra,609
jesse,jesse@example.com,$2a$10$phv.qYyG1Mu640teoyK3q.6U/dyiqyItr1TFYE.ax0e4w3Z1wO5hW,610
joey,joey@example.com,$2a$10$XWLNJl8vwPO5wNWwGVd0j.4j6IBkINZqt9ro/txWHWsQYVtNDUoFK,611
garret,garret@example.com,$2a$10$va2bJRBT9tEEh8vtmiHrwuc9cevMpWysyVQtusJthLyJ2Oqg4CsZu,612
katheryn,katheryn@example.com,$2a$10$rlDQFb/e8nJtdfhrt4Hiv.e70Td9oFIzakDw8whRrDtFd9mqmuM.6,613
winston,winston@example.com,$2a$10$7pW3NClXQJ7k71XysPA1TeheUD75GJdLCkN1AyJZmBrCN6icU9nEi,614
trent,trent@example.com,$2a$10$O1cnybNpmo169m/SmPVHLOLysWH/vDBHjnyfoGM85aHGGU3W2oO3K,615
magnus,magnus@example.com,$2a$10$mBn3VKdsWYOd/OAGFgtzj.04snUsir3ENcAT2ZUfNF/dctR31Qkru,616
delaney,delaney@example.com,$2a$10$3MGCFh9D.QANLe1UjxHrK.GZ7qPvSBjJN7Xa8Y27IOtiYHadpdKvy,617
terrill,terrill@example.com,$2a$10$/L6cDochZwz2VpCCNpG1WulMQocHk.ggOK/t08/eYdI.HBAiCWAjO,618
aniyah,aniyah@example.com,$2a$10$TPztLySiDiiG39YVu6VUuO3717Mvqda6i2hgLIB8pZeVwfscgLpY.,619
reba,reba@example.com,$2a$10$VUsAvDbin6oTrjoZ1/y/Q.zkTRQkb1ZE2b8dxSubgL27uIwxeGqNy,620
gerald,gerald@example.com,$2a$10$47f7r1Yho8vl7TcyPWr5tOtoYJYXY03DX7jcSaWvVagkgEuNSN8eO,621
jessy,jessy@example.com,$2a$10$FzdMUWSIAESRt4UaZIZAbOHjQhv/9oASVqglgikqSD/Zluc64EmM.,622
grayce,grayce@example.com,$2a$10$jIo2.NmZEvX2FEwFkEInz.XGxV6yOlph69zgpRl0nA09nFI8XwLS.,623
dylan,dylan@example.com,$2a$10$4IvZZzf/YbxPpWiGV7LWJeLeUXfvOFRBCDUIrmZj/K6iyNIQZjfQm,624
tre,tre@example.com,$2a$10$JoqrxIJqJ290t5vYyur02uLVUZaCRrFyOD95iNx8JAW14vf2GJAyK,625
hazle,hazle@example.com,$2a$10$zUX5OuM1JDH4pqE3A/dVxuO84CgGU35oZbEnhnxw0f8dUyipSxsZ6,626
trey,trey@example.com,$2a$10$aqMPU.eoLuMnqogdo2YKHO3Ai9WkPLoM7qoofedmEenlH9aQGEhWG,627
lavern,lavern@example.com,$2a$10$2JP4EqnG9mZNNeeOUS7f8ub4uaJk2HjCqqLvzs/rSmk4lpBVheNVS,628
gabe,gabe@example.com,$2a$10$6LpfbUevWt7Iq78csitPbebLZFspg8PVQ92PWHn99WymPzh1NCZ7m,629
reid,reid@example.com,$2a$10$LbTDtGcIMcGnemY0qdxB.ewmhPHqH8NrsM74Gk.BqpJzCqFXKccgi,630
kiel,kiel@example.com,$2a$10$RkUDnrYspUJDbmy0CqcX7u6sn.GTZWukI94fKfwCSGBjMbLMzrTbW,631
easter,easter@example.com,$2a$10$jhUl93kAW/9LL6G98A6wg.2ATkyuvnhiQNfP8wO3XYt6VBwj4WtcO,632
kiarra,kiarra@example.com,$2a$10$9wZl/zaBabxYbzsajYzNz.ilUTk9zc8easagPgYGSt7qBBlJK/Qy2,633
norberto,norberto@example.com,$2a$10$DXCSRKDI3.fgZuA4PokhduM4Lf.soTt08Y0B/y4KkM6h8SaO3HuD.,634
aniya,aniya@example.com,$2a$10$ZNFsXa0oyN1SzEK9.gz7L./5gbAgZCXxCiZ56l24rlIdVO7gWT5Su,635
irwin,irwin@example.com,$2a$10$9PGY6BX02wzTeT26.PaTQuDS6d3UBl/CIneXdag4Ib14ac9rFXFMq,636
danial,danial@example.com,$2a$10$GTce5G52DJOdao8lO1FhVOj47xX89ugpKukAK5wLK7S4xIrACyauq,637
alisa,alisa@example.com,$2a$10$Avu81OWgw.6SOT3MdGC3Y.vPnFjYYaJYciyunaHkEcQmamHiwRPlm,638
renee,renee@example.com,$2a$10$Sv3s9xa1P6ZBDcBSM4If1uVeXK3KtwsFmq.cXDp/RHvV.ATn0dgvG,639
omer,omer@example.com,$2a$10$hYvH1NrrZuGdenM1V65xCeFqJOqtjwX/7.RTLXOVVvwg/WLe8hLei,640
nicklaus,nicklaus@example.com,$2a$10$SZ5c4genVlfwJ.Xgu1kZCOiezBQzo/fxoCLQiEqJ9oA/Dyg0KcfFG,641
lila,lila@example.com,$2a$10$.gk9YoEZNMi62eZWHRlzR.58CeWMZskCCFqvwv6976naKPL73X7di,642
julius,julius@example.com,$2a$10$DwA0hI5Y5CNUt.iUqSYEluXUbJ9WP.TMNPmXcEFUu8bjec8LdFxRG,643
florencio,florencio@example.com,$2a$10$PW6uIIKLvFdw/w9OcZnn/u8LZocpLt1lMoqzB8uKFSfOxCjIGciRq,644
afton,afton@example.com,$2a$10$SPYRbpRa6NtzQMUT3bnabOJzffUyPkQYz0R0WT5hIR2uDyGPUOIPa,645
karlee,karlee@example.com,$2a$10$60mwpgnnmLh37lpyRGbGeuxNwrVUyNogobUQcs5wnOaoWLH/BKse6,646
madelyn,madelyn@example.com,$2a$10$T..oABDxIxChqSUzbBnxoOQh7.6esa7rKvgm3qCbBwjz2XL/Ffjlm,647
stan,stan@example.com,$2a$10$wNTsYwx1Bcjg3shXZA35uezN0RdbXyxyCdXLBhzfyZr1ZPmC1lbze,648
alexandra,alexandra@example.com,$2a$10$vPg9aVXSah1dtJF5Znes9eTBz66KMEHSXSzKc39/yDm6A8DGBdEw2,649
sydnie,sydnie@example.com,$2a$10$ZrvFekS2KWDgRsMQAgKEG.osdcyEEHH3ppy1zhoEzQ7zHGOp4ZGzy,650
judah,judah@example.com,$2a$10$4Y0IEgInEU81dD0IftIEouBY.xhxPCARD6yOnxfsKV8hOJulJHwwu,651
susie,susie@example.com,$2a$10$RI1fIHAQQzQxo0ZxiEpC4OXtjFKIlFLWBTlMohfLTrYGnxdUjq44u,652
carmel,carmel@example.com,$2a$10$6JAgg3pJLvVICal0SviMuOxsWLrKOQ2oVeL1koU28.ArbUUpLRSfC,653
frederik,frederik@example.com,$2a$10$vfTrW/NBx72Q54/SoI5mvueL4CyMkp0HUQYH7EgKABjeEJthL7XRq,654
ned,ned@example.com,$2a$10$sJ1d6RddDOBpUsrww1GAGuSLLNZjnD4MTV7KHKNYZp/ldYKBTbGBW,655
ward,ward@example.com,$2a$10$stcelJHafHpNYu.iBxc3IO2YKt/NCK.nGNHyBIttIhSxdeOhBuQE2,656
marjory,marjory@example.com,$2a$10$v2ebAV8Ij8WJcx.BC5X43OBy3uuIHtcflS5I9evjFjxQIl2OtDdN6,657
monroe,monroe@example.com,$2a$10$e9ANL.9bNP/3JIG32ZkpTu9VxJb//D3Rvn7s2RSuu0gcXO6S4Z3Yy,658
orrin,orrin@example.com,$2a$10$bzDrn7rwHTX87vyWVm1VkOBR8DfiCi7zc5psmJZw4qjqWP5RlBphq,659
zella,zella@example.com,$2a$10$uVPLkWJ8HVteKjx2Rx3bo.J4HNKMWDDuN6Lk/l2Xd8sgAdyOupjp.,660
aubrey,aubrey@example.com,$2a$10$LDG6ENhVtsqj.tVZw4eU2uRypyxas4gXuyt3mnHLYMbfDNpt7RZJq,661
german,german@example.com,$2a$10$NlC7KtHqrPDJqhWEE3MQqunkR4tUGDK.6lbZtdJ3WJbwfQXMGam4m,662
vivien,vivien@example.com,$2a$10$SpoRt3eX1rVOlMlbHJ.6QuXYV8.gg5B1eC1rarrFUC7hZTJpXhuuq,663
augustine,augustine@example.com,$2a$10$O27IOmegrHdiHj5VIZCpiuUd9lycOcBsF8YVNVCFj5EOVeu4YHSKK,664
josianne,josianne@example.com,$2a$10$SWCh9wbZUL98MV/STbe/DO2ezVDlxYlzLpqRv6Oz7Y58dQFeqVnGy,665
isaiah,isaiah@example.com,$2a$10$wJ3HmhBmG6Fnjvfg0Bw/Det4TscazgPevDYK1Y/ciN0c9A4OxL452,666
arne,arne@example.com,$2a$10$YfpX5HtAUiZ7xu74E1D8NOcnLcEh4Jf0erJokpspe7f1mc4lhmdMi,667
aurelio,aurelio@example.com,$2a$10$Dn5numNeuI/PWQc/r4jsGuOx89Uvpy9UPp/vE.cKWyxYPtmwyOTKm,668
zaria,zaria@example.com,$2a$10$b6Xp9aUZENmLcVZr1Gk33O1btK3ZJ.jVTIqW6OFO2YE88Y9U1lRnK,669
willow,willow@example.com,$2a$10$phGFUHcBT8drSqDjCy3ttujYyGtA3FVOQ5VeGVW79VONmODtYsNXS,670
monserrat,monserrat@example.com,$2a$10$FEVtsbyGINX.dga5ynZdc.Mar8lvDZYrq4cR.V3qBQxaayM.Wtdfe,671
michel,michel@example.com,$2a$10$wgEYqRyVexceccdAUoUIoeee0DfX4V8v7FudRqdlSY1Vp11XoLIG2,672
layne,layne@example.com,$2a$10$4AMtsYqr5NFWVDyCmBg2/u8dFONVPJF9fZVtd40Z9IvEtapxAusNW,673
beaulah,beaulah@example.com,$2a$10$CvNDlzjGP7MU7OOE9wd0ueljaZ.ew4oMzxRKnSgmiHQQQBn/XuVPK,674
alvah,alvah@example.com,$2a$10$RFzAtKMzbsWuNuQU5S8m9eS4YQdgyh7aUKl4Ha7GE9mGX64Sk.LLu,675
kurt,kurt@example.com,$2a$10$618vft8j.yYBB8b0oGGhkOBCcxa.TWFxQrw8oUoN1buL/RvSmtC2q,676
oliver,oliver@example.com,$2a$10$7nr1hnr.ySG9mX/OVcTftuQ7UpqhFwarrUHkBwL5hw/FonZiqq8Qa,677
duncan,duncan@example.com,$2a$10$NomWlhfPbvtpria8e2DA5ecG4gKmleMgr4msXqiUyCi.1T1JDJEFm,678
carlie,carlie@example.com,$2a$10$Bt11InqR3vafFFDMoskeuuXoE8rUx.ruf/oKfTBVNgTIBqYzHP9e.,679
alysha,alysha@example.com,$2a$10$64ktdO6edxCEStgp0b.s2.HipLQ9yXlf64sS9kXyO/uN059oRwE5u,680
brittany,brittany@example.com,$2a$10$Pl.U0ECx59FhnVazop7a/.U19q2LdVSDO863d9acNwJeKD5B0I5TG,681
drew,drew@example.com,$2a$10$gPTjwbSkiQXvlefAOom6YeAjTiz/W0kzQKTc2tM/nbpihE1/nFTJy,682
cary,cary@example.com,$2a$10$jcQPqs7mkVqPSZPhUc7a3uIu7vyWN8clwSTknPmIA2fVBSYyxawne,683
hope,hope@example.com,$2a$10$BBgKJI6CHECOO/9g0tYNAOvMM5yOymAk6.uI3IlHEJIHxpuh1u5Vu,684
nestor,nestor@example.com,$2a$10$am/vU4zZc9J4HIeLI/BBq.ZYDA9aEvCkPTTtXqrEQ/fCb4Zgp0iRi,685
lupe,lupe@example.com,$2a$10$xwVIe3D4oaDFNZnq/1YMlO0XDzCknyYd0qFGyNfSREgDgeJ.HHXyu,686
bobbie,bobbie@example.com,$2a$10$VCpIFw6a9COj2Xz6egF2LedkXkNuE6Rr23tsIDan2hYDFizf0rkzi,687
griffin,griffin@example.com,$2a$10$HGMNdxNo/9ITb1/Ilk5K7uO4E7SUYHfa8rL6Hz4fZ68gBRIQD7LE.,688
eleazar,eleazar@example.com,$2a$10$jLQKJoB.DnGu5KnApcWLV.5ekefTRS64RUg35JNmccZ//bV0SWIi2,689
loren,loren@example.com,$2a$10$i4R4laarN.YJmChURz1gi.mj0Iiu7KHUmeiWQVopSiAMoa.MupaZe,690
hans,hans@example.com,$2a$10$g0rgLNZnWxpBdcY6aU7OFelyFUZSWS3KECOF8MjCu9BhjgQgsmlNy,691
cloyd,cloyd@example.com,$2a$10$ZTvQZ4bY4JTTwfVvXQS6lOKCDSUdUh1Djs1JQ/em6zVTudbrK/HeO,692
karl,karl@example.com,$2a$10$nrtrQCrxVF0.BgztwheikucLEIs0U1MDdPPAqYiSd57s3DHyfQBLO,693
braden,braden@example.com,$2a$10$SThBRoA0ZneDx6zsCE4AHeXhMdyd2DtBMDw8AisjP.yxmDl6YQPbS,694
clifford,clifford@example.com,$2a$10$OYpWEsfpoUksXS7Zgss2z.9sLnzQUTNj6uXkzwkZJxB8qNjLVwrjy,695
hadley,hadley@example.com,$2a$10$WH1KisDAva5Vj.q/tBxa2uff/LWhuIr2OQR1zDXMs7At6Nl3BdKhW,696
micah,micah@example.com,$2a$10$wHl6xUqvBBBhuIWmZ3cE0uMkqQLVCxQ7BqSLMNIZaLDVFvo5Ikef2,697
eula,eula@example.com,$2a$10$KEwpCfJd0mFpu8goUgpp.uZRkPN1M8hJkGx.2tQ85HVvoDRY8hsci,698
veda,veda@example.com,$2a$10$zMx3GzhYWqdLkICOE4MPb.wUUzeVly9MtMA7wf0EYr7w//UHY9k6u,699
dedrick,dedrick@example.com,$2a$10$lt1.qYlrx/mTj/xLvAjdTuw7hCqKLyAZCOxsCNi0tQcfQgHX8f8iq,700
antonia,antonia@example.com,$2a$10$SXjNz1XB77ns9KydoWiElO8RYRAe82pQi0rpv6a3yZYkiRVTHsDAG,701
leif,leif@example.com,$2a$10$/YEiQjpogfOdOgvkVJpepeHys9zzIYiK6SubmSg0AgZCw04B.1z0.,702
sedrick,sedrick@example.com,$2a$10$1TfeGPyikBdBzhdekXhOKekSPv3rxZupm8yzJqBDBfOrgEK2ThSfa,703
kaley,kaley@example.com,$2a$10$jp18UAXRCSmdWQqu4VWPI.h/yO2HBK01b3Kgrhkc8GEIwcvwW5o0O,704
andreane,andreane@example.com,$2a$10$cMEa4gkNBrViI28xxodQk.MhwJbtY6uOJdFELnKLq37EXC7Lca4cu,705
lina,lina@example.com,$2a$10$epigoxdwhs1Sxlo29KXTcuCQNOziFEaBjJA81UvzHoo.6/U10FRu2,706
daren,daren@example.com,$2a$10$BNEG495WuBiQkP0DrxxVp.MYQlawwgB79z4fO/MbyK/MfLa29Koqi,707
charity,charity@example.com,$2a$10$L1bsA36CPUW1TDtuXIYgUuYoTBMcy4ULkkMKNFnkCnrTo8kaEnjk.,708
hollis,hollis@example.com,$2a$10$0903gVsrv/RPcoF6MP0.n.NlhNetOdMsrbQ0RdmRUl0dwFonaD4sK,709
beth,beth@example.com,$2a$10$e29jQlYFqZ7w1UuVQQFZF.gsXa.hVdepU5EPJyBMkvynmucr18./C,710
brandyn,brandyn@example.com,$2a$10$W2gr3.FzSbQMLyQ6K8.9O.dqlTCrmrDsDjgE.ev15xbhYChW9102G,711
pierre,pierre@example.com,$2a$10$psEJ8rQkJ66jWzCuSuK4seSeiajnjbG2TLYZP27ObvFDItZiwfnk.,712
cecil,cecil@example.com,$2a$10$tT8pEzGTAdlsIb1M3OfvCurMFw3QPcS7YDEBLULgZTpM6Onmo.siK,713
myles,myles@example.com,$2a$10$k/GHuCRyteZbf7u/MS7IouIWOBreyGePi6tyhWgER7yylbobFhFFe,714
lionel,lionel@example.com,$2a$10$LlSVAS7LWOSTFwxp5DcUzebTZaWXV9Gtvy2YDPDWVaX67ccO9nSj.,715
violet,violet@example.com,$2a$10$UtmrDLTW0NeY4TzL06S4XOqwgfHFue5hI80EHW4xf1PgsqKBJUrmq,716
abigail,abigail@example.com,$2a$10$7AU3fi/pIGlT0k1/R1glqOthSO1PtmbTCRiXK2nw/BKf7L6RImH/G,717
arno,arno@example.com,$2a$10$zN3WLrFNSMlzAmHDNrqGlu4qqhdZWJ4JPiq.sRfjaj4FNp82NHJya,718
kaylee,kaylee@example.com,$2a$10$19o6eUwEg77ZrNHifN.rzOVlRoWsx2g011aL16NR6s5FkH.ECgC6a,719
susan,susan@example.com,$2a$10$fFTBKByTRVOSr4f0qMt2GeEKBzbp0tkqgm7Z9RrxpBtTvVwfymu2q,720
arvel,arvel@example.com,$2a$10$anCKfK3bF647nLn19m1pPeHtHzTluIfBpJdmOnlkCiiaExD0.ZyFG,721
cletus,cletus@example.com,$2a$10$7E.1FMaCrz5BnC94Yk5Ef.yAtTiig2bg3HqOvCZ9SADhlizXLlJmG,722
berry,berry@example.com,$2a$10$OIW3wG4Zj3gqySlUEyPJVevqetjz50wJMrlpUt8d8cho1fP2/7bPa,723
torrey,torrey@example.com,$2a$10$5OiO2QN5wzKYuESBjmVGoOrtAUGDX9eSlqmPRFYiZ0aQkMYwirfwi,724
annabel,annabel@example.com,$2a$10$piXUbxmCJLHZAdBJ4k8WwOoz46LRj6U2PsBLl41QGxbNjZLQ7HpOO,725
jaylin,jaylin@example.com,$2a$10$4sQ3xxMPVxd2v8XeKNh6SenS4qDoAL.iodadZs3K.LkW9gotURhYe,726
remington,remington@example.com,$2a$10$CRmSv7PtXq3RrlIGY8d31OLtFOIIa09jTgPHMW5EIASaZggONFdOm,727
kiera,kiera@example.com,$2a$10$wPVjWMQN.Oq5tW.M6NYvCuT2GtDpRjwt1CBzooIgUktNuIwFmwPA2,728
brent,brent@example.com,$2a$10$XHe4/3vMRbIqIl6K7oQL2OrjeN9Ii0VeWdMPWc6mQHvoXM6aaX1B2,729
janiya,janiya@example.com,$2a$10$a7WATjKHXLmXFqtXDsoLd.vGoyfLUmBE5vCJfBZJA31cCBoKx/wDS,730
stanton,stanton@example.com,$2a$10$jGV4rWBNKIXa7Bl6NLce6upSx6ahga4aK4iKXP.7Xn7B3clrPfraK,731
jamil,jamil@example.com,$2a$10$nAwrHT45I33HZ/S.kmNYTOFaOsOo2h7JkQMweT0guDx7L1PrhkdRK,732
laurie,laurie@example.com,$2a$10$Qp4Jf1AkM5sFr8F9HIxcAedXxE4TFn.JLBHwYIgnbqMIzzI5L0zXi,733
bennett,bennett@example.com,$2a$10$EyZ2HXCQdSzdeVoi6mWoN.apdlvPaJx0DW3e6J6kFyFjMkMEuN1vC,734
domingo,domingo@example.com,$2a$10$l5Yc15qjMMMbWGVbsWEl1.3fLTVZULxkVa8o5V7RtJbmRbqWSO3OC,735
cierra,cierra@example.com,$2a$10$nvY2Fu1B8UAUSV8YeKg0MezV8K9tHaNt01hkvItJtzM3mUUoeg5PK,736
adrian,adrian@example.com,$2a$10$wCnUtYP2ukPr86R6eSZIO.e/XBSO4/WildJt8oFoqaAn4YGbF0NxO,737
gladyce,gladyce@example.com,$2a$10$mu0P8DjVof4RFSIXSU5CNeT4rWMaPM/aH9zx4Qr5Ut686Blv8XxHm,738
oswaldo,oswaldo@example.com,$2a$10$ZJINXAR.9R46EMqafcpTeuW1OjMdfu7gw39e2EvgmjjxwnnPaQMY6,739
marcus,marcus@example.com,$2a$10$Ip4i9Ly4SPx6hj5jvBzfx.1ZQBRtzZQsW1Gi90s3pJG4cSl85HXkG,740
dominique,dominique@example.com,$2a$10$HmZWTvn7hsWUPaGeKb0//efy.lf1twudTBD7g7.UCnQA5WOQMg2ta,741
ines,ines@example.com,$2a$10$/DO3bly84rH5WpMI/zRJp.F9cIwemZV7MKQ4fDJAbMwooCcfkO4PO,742
garnet,garnet@example.com,$2a$10$mU2bFiOQVEDjhPbAcMnbP.5eUy18740MtBBiyhAPzCOdgrZUmgp7a,743
birdie,birdie@example.com,$2a$10$RNN.S6UCESAEEzRrCNC/tOSPzVXRWKObmItQG0bDPijMmV0jSZYae,744
jaiden,jaiden@example.com,$2a$10$8h.YobRBiQ2A.IXDmb9gSeKe00jFVfyRo.G9TeuxLU1k207413.06,745
ruth,ruth@example.com,$2a$10$WXCOFSaVR8H88FyPsrej4.BUQUTP1WsyEnuy8k6zwnAdHZkwwyxBK,746
verdie,verdie@example.com,$2a$10$.oGd2caFnYsmKNtR4DWLG.IXREUMce3J0RYG/1DtSX8N8cllm0K8.,747
alvera,alvera@example.com,$2a$10$taAQ4u.3CsRenx71BUtCmu2XkIy7GvAkY030SyHBYBye6F73RXemu,748
giuseppe,giuseppe@example.com,$2a$10$Yd2u9B4fgFjNTJ.r3refN.hRqrBu0e/DX4kPo3mHlw72hmin0JyLW,749
rollin,rollin@example.com,$2a$10$zlpPJ6U9m6BMnrL23h7wY.6AmVwGJ2F7aS83CVuGb45N4Fxc1gOr.,750
nathanael,nathanael@example.com,$2a$10$MOo2JHI00hCuQd75y1ygy../60KvCeHM1o9Qm4StPr7QRg/UGilAi,751
natalie,natalie@example.com,$2a$10$sVYlxENusi5cz11o4iX.XumAQF4qVAs.K48qRgmwZ.DELpR/l4vhm,752
ladarius,ladarius@example.com,$2a$10$vH36aAR149HmAl1vasHqAeg/PwYvu.TOpvtDLxfxNC5cokBrepdQq,753
rowena,rowena@example.com,$2a$10$Z5GNAZ4n4bEv7wqUA9UAF.oPIG9cSvUZlz2x2cCML73Rfp3yh4T06,754
chaya,chaya@example.com,$2a$10$RnRW3VXmiJoFQ3cfxlXBxu5VP1JXX2WBVcO1X8T17QLJfqVVP/646,755
dolores,dolores@example.com,$2a$10$e7MxDAHokuqP6ojDD5192.lpP4sk1T1Y7gLLI0p2iAIGcYRY5BbI2,756
polly,polly@example.com,$2a$10$W.pYuLSAhIL17uHYd7tzc.GjBAuN.6rRgPE6Cx21us2ayN9JGxHIm,757
michelle,michelle@example.com,$2a$10$Xi57e9CFT/s/qVpN7D.jXePB8/2VV5/p5kgb0uhsz/TY3sOxPaHFm,758
giovanny,giovanny@example.com,$2a$10$ZrRyzI/iE85Q8l8wPlLCreXckE1UnzCWGjbjCbtLuZo2X8peSLOhy,759
noemie,noemie@example.com,$2a$10$tnGe8gHPJmbkuhzzmDjVRehhYJ.AAoS8mv1QWAbZ89/omFYKw5BIS,760
connor,connor@example.com,$2a$10$LGSBDnqdhZ8ST36ZyUPfaOsUidCP5SOQ165/X8GDaPuOiJnqkAtZ6,761
erick,erick@example.com,$2a$10$fd6zw1pw0CFLw0K/Jy58huynaVPvLeiRPPEcBzVZnibDmHPgCYA7m,762
destini,destini@example.com,$2a$10$qm8.N61fCXr8i2Dk7J.BduWzYu9WhLmTbLsBlcY8znhJPNybEI/Ra,763
pinkie,pinkie@example.com,$2a$10$B4lpgQ4uAGYlIy1gv2O1sObupYCqtzbvNr2PAoBeWfsMFHQH703LC,764
jarrell,jarrell@example.com,$2a$10$KEhntXU3.VihmlyXaDlU/.K6jRsKdLq9orpnaU4o2PTczTud6Ii/a,765
melany,melany@example.com,$2a$10$MfOJgcrpfbM1Aloua4t8luBWZWRhPuvA11zgR2BnUQ.x6W4vywNiq,766
gayle,gayle@example.com,$2a$10$UNPQDPmZ64PAEHV2MDavn.9ElMMwXJ1Wrmd24uXtaCZQxkV0OxlpK,767
sim,sim@example.com,$2a$10$uT1IPVSN9acOMrrzYwkNaOemwtSt/OENXBxtG1PAOtg2rgBBkBFEG,768
elza,elza@example.com,$2a$10$M/Sq9qgzUq0y4MkoylaXeuTNhPNXWiLXigdL5HSlSSc4hocwUgn8y,769
caleigh,caleigh@example.com,$2a$10$9cQOjxuyC4marlTH9zHQHub.vFKj4bgUW5Gwe4VTQs2mVsNrg4PWC,770
johathan,johathan@example.com,$2a$10$zHtmIIgQNl68lmbMH0eo3u5YyrYlQpb0DBqpQUZVEqardgqvQyDKi,771
timothy,timothy@example.com,$2a$10$K5rTWndoL02ObqGx/Eiy3eowWhNgvn3NOUmIrtRtJcArekY6E2MyG,772
murphy,murphy@example.com,$2a$10$uaaQGyoSA6q0Jvy5sukSM.1Ffv9nIIRgtp7icaxJwXDqEsUiw.yqi,773
juwan,juwan@example.com,$2a$10$.awAQhdZmSrp5QDabu9zKumsK/mJzVVPAzUwreoqBzZUM6.1OwuEi,774
cayla,cayla@example.com,$2a$10$wlfiNcSp1qGgBrQh2Eg.ieRwGp58acxVgkYlPuzt63SjSjFpAs3O2,775
rosendo,rosendo@example.com,$2a$10$ry/6n6.2Yx5sEyKr2CTOx.kZVmq.lnihaPuASvq.pDmDJ9PMXSX/O,776
branson,branson@example.com,$2a$10$XX/OmYVmTyOQK8uCxNXAFOORiSUZgg0bKu9Dg27hGRQW2U56iBdgy,777
octavia,octavia@example.com,$2a$10$F6oEf2HGViBW7DNQuoMV/./3rLOrHOKc2FZZDkcDnJbca1dczmSBm,778
skye,skye@example.com,$2a$10$/e5BcHRxeL9jwAIiqhHw6Oq5vADAWv9zlkqoI4JvZ19ORgAUPXvR6,779
lucy,lucy@example.com,$2a$10$BfQHT/oXeF7Ai0slITnZ5eAt1GtMOrmzKeJ70J2IqLTswZjW.zzdu,780
ayla,ayla@example.com,$2a$10$mpiGe66EwPKxT4siWo9WgO7pHdUCaPcb2ht/IO.Eqj.lrMvBJIa8a,781
rick,rick@example.com,$2a$10$BP0JhPrwGF4Rx5CmneqMn.wbcuA0BTVob.vM.RHsVLXHRuUbxYhiG,782
buck,buck@example.com,$2a$10$k0VQ.mlwAv72qk836qccAei.BiBkUUlybNFsnZxiF0MCgGL9TEIuS,783
charlene,charlene@example.com,$2a$10$ZZOACPTCG/WQNZsIqKJ7d.0mU0L0WfBmQ8YIEI5F6uooXg2bmiN4W,784
uriel,uriel@example.com,$2a$10$5SYnLuew6B8Gl4xq.2NMMuyntcnMzxokZOZjUfBUuZvmo6xC0nCm6,785
sibyl,sibyl@example.com,$2a$10$W.cGXj1MnK/pZPRZePthfuMJeRd6gv8ao9xUu7wRWkma8D72DmuS6,786
abraham,abraham@example.com,$2a$10$a3iin8eS7f/Zl5nikp1aPeFdp1iWxJIkTF8HtLqdVHkGPs43z2vIi,787
mose,mose@example.com,$2a$10$yh1NbtkivmPmC/hrIzgKwOy5BNkyQpszYpGGb4LlOevUy1i0RhUj2,788
darrel,darrel@example.com,$2a$10$u9Pjqw9lEBb8R3d0iz/pL.UYWMdX8bag32TE.Kp6ZmGwzkwU0ermq,789
rudy,rudy@example.com,$2a$10$oOWB1M53ghqnqaAA81jcmu28AM8m61dzUev1M2xWKzCys2DD7U.C6,790
tom,tom@example.com,$2a$10$ISqB/CUZnC2g/J3Svte98uriLpaRMTic2kza6i6tCcoYKnCIoTqlu,791
laisha,laisha@example.com,$2a$10$lXmGO1UbSRJnej46fCATbOtWYZvg3MrfowyTwMhnGjVa..Qv3c2ju,792
annabelle,annabelle@example.com,$2a$10$lqj6QE9InlCQ7RK8STa7eOzwyq9uH2PGxIEbw06sSrCH2pTj01o9q,793
emilio,emilio@example.com,$2a$10$04Xb3VEZzIF1eFgCnh.ewuKEqO5NL3mjQ4EhBZHJ3eeOH.S.DBGAy,794
dahlia,dahlia@example.com,$2a$10$DL1o.QcPVbyYbY4am5.CCuw9li2xjyjloXUh.ET6fBH3e3YSOwfyq,795
jake,jake@example.com,$2a$10$Y6..FX0usUAfSDP6NQqjyu0XjN/exDesQd7uLB7JeaQ0yQBI0IZdG,796
junior,junior@example.com,$2a$10$wLBPDvVlJjD6rQtThiuug.vlhxvT18Ee4EvCPEUwDb4GIo.KOO8xS,797
chase,chase@example.com,$2a$10$nHJRfiVj2PPt0d8.Nmvb6eKa06cjB7hGXVgbmN/ut6GVf7KPNJXyi,798
kareem,kareem@example.com,$2a$10$2SZMjXOzWufGPFHV6FK.J.VPr1xpeNqNygHcsaQrKAjz6vFlDAkJW,799
nella,nella@example.com,$2a$10$SCgA88E/uCCA0srYn6hhO.CpTJfclQ9YejlenALtqihZo8I/pLeda,800
leopold,leopold@example.com,$2a$10$9bXUUaar.YDKA/KZ2sEu4eawDQKBvEWGvB8wRobR79.9HIINy94Aa,801
nona,nona@example.com,$2a$10$cbeeFAdJ9BOJ3ooTBV1klOgImMhV9XQJmvB9fdpdQjbmY.RM6ARR2,802
toni,toni@example.com,$2a$10$RO7iNpO11gJ1./mmJM3xXe4ZGS8A7Yqn/4vAF/0q3e3aHnrlpJb5i,803
annie,annie@example.com,$2a$10$q22nKd6bZ2Dc4zjj.a5yne4gWjUQ9b6Tek9ozq6UYGokkqS/FvcYi,804
jessica,jessica@example.com,$2a$10$3s0Ef.E0TY8R4UmKlflv3Owg.XEfHJ5TEIpuISjmTJdD3eJd3OfaO,805
ayana,ayana@example.com,$2a$10$WjrGdfw8sQy/mSwzAlhZ/.k6mlbdwyxDbi8PToX0cLGesiDtjvZa2,806
freida,freida@example.com,$2a$10$CZQHHRKtzn4VFZZDb65gEeS7WP1Lpaha0TBPvNstdXqxFR37f5EtS,807
monte,monte@example.com,$2a$10$r/YAh2CqamUOaJyFCyEn7.OH7pDB6KjAmN6HpFLYwo8TQRGOb7POS,808
christop,christop@example.com,$2a$10$.Cb5.s8afwAO22m0mWMn0uA1iHqVidKygS81QSkfxpWQ8WlHjlmIG,809
fabiola,fabiola@example.com,$2a$10$p/EFLSoNdKv360j4em6JCeGTEBIe1IM694CcF6T9GpWaUmdMpLyxG,810
sallie,sallie@example.com,$2a$10$Vdgn2ZRfqGfBjT6jjVSKG.ia9c11sM1Y2qYdJIXExg3w5TADHTwpe,811
gracie,gracie@example.com,$2a$10$gxcRq/avOX.5CU/iNNWgT.vj2NpwG/K4ssoS3sQI4IZTjRxFjeoWi,812
austin,austin@example.com,$2a$10$.l6Ha454QWR3yvD4sYuHlOza/hdzjJGkPRg9MoU84L6S2W5D/AG3C,813
otilia,otilia@example.com,$2a$10$Yk1DNiQdX0nlxUr/DkOYw.Cr01Cj.dwXFv8iNnBJzZKhyBsYhIPhW,814
marisa,marisa@example.com,$2a$10$ueecg4KzSDOvuU1Mhj6TpebzXmfvr5pT42rU5tyOo/b27MBh0vfZG,815
josefina,josefina@example.com,$2a$10$21V1BxYfn/TE1bOuLEeG6.x2mG3/7WSXXmTlxSUAXxb2bRxdO9rPq,816
oda,oda@example.com,$2a$10$ethbosheK6Az845YHmca1.awCYlc8fM8jcgkxeQ.zmJevkY4OVDCi,817
maegan,maegan@example.com,$2a$10$bt3yCcCa57vPQtk5umnqIufqB21jpxBrRzhCi03qsGP8CBqZI6NOu,818
annalise,annalise@example.com,$2a$10$VoGxE6AO7yp.GgGLafrmrOOhaJxY.NWJpx6liyaz5thJXHR4AEVW6,819
theodora,theodora@example.com,$2a$10$ZqJy3tKOepF/RVc580cf1u5ZmPWxI0ILd.gaJ.vc8lPvBgkltaMzK,820
kamryn,kamryn@example.com,$2a$10$xl6oqDFG3jjzeApaqo0A9eDAH7zLki6tWYdig6H0oy0ABdY/yiEGe,821
mathias,mathias@example.com,$2a$10$zMlYDVQp6l/TNoMAtrgNGuH8ZST5IoQqsfqF4an4jUPSrk4DvXC82,822
marquise,marquise@example.com,$2a$10$GiUzjiSCJ3gO6OdhAHPrgO1GZzwlIM99jimjkUAfZYL4/u4TaVR9y,823
freddie,freddie@example.com,$2a$10$kBo08whWHUFDPXg68KQZ1ewFz9ADfcAxbqoA1to.C3ecoB522/Stm,824
aileen,aileen@example.com,$2a$10$Myh3nMBB9emv6EFgJExib.etFOEu5d1XLwTlTnBjWgV5ffNxT19m6,825
kaleb,kaleb@example.com,$2a$10$JtXpKNir9xAxhNKH/Wij8e.5Jz5FWURWDwM3VBCsiBzCSGrlb6feK,826
odell,odell@example.com,$2a$10$BObcijpwolu/0ogOO/Cl/OxRaPUOM.EvT6ZLuGA/WhFkt5in.1qVS,827
estell,estell@example.com,$2a$10$hFgPK0SjbZ5.2VuMVtCrU.fZwy9sh62oQsa8bT3Vtfq.vr89sHodK,828
chet,chet@example.com,$2a$10$sSij/ff1GYjMnrcss7SSYOkaX7vPhlcUudEjpL9oUQlWM2q2kCOVC,829
savanah,savanah@example.com,$2a$10$gwv39EAUBLPtEUe725LFSO2SfCW8w6u1uczVj1aKVaAB7HpucFRJi,830
deion,deion@example.com,$2a$10$HBNyXf6bhEYmLmJI8r.Og.tU6wKnh6yDIFAcBpiMTStUDPtZuBqAS,831
olga,olga@example.com,$2a$10$4kpxzPGy14jdQNNWtSYma.aBILIPwHl01QcEtZLZ4IryDTJz.Ixsi,832
tatum,tatum@example.com,$2a$10$CasguwCeBJFn1BTBnpUZe.tYVrlVociu2N6JN/cbc5TQihpLGQK3S,833
leonor,leonor@example.com,$2a$10$OLH8zZQnZ8MnhcYqqH2DLudMd6chyJCkfB9Uyu0fePuSmTwmGKm2O,834
guido,guido@example.com,$2a$10$sIm/rYUexrlupmiQ7nFbmOv2fTPkgRzZGHVvcjpLfCL2FmTdB2y7O,835
albina,albina@example.com,$2a$10$Foj2Uss9g/PcsgT2XiuLV.VYX.M0D9o0GkLs5TpVF/iOJs58Qus5S,836
avis,avis@example.com,$2a$10$r1Q70kq.GwK.2yCTcg2E.exlbzSUYfetQsM51ebt9JDl6KiFjgmPm,837
araceli,araceli@example.com,$2a$10$6H8eXc8Fr9wiZA6QqFcjr.EpC8EuGg0NOuS0CUBQLX4htGf4P6j1e,838
deontae,deontae@example.com,$2a$10$elg81sw8uyKgESM/31m5o.Ob62ZW5Sfzj5QV3ciH247izEbKj8WRS,839
toy,toy@example.com,$2a$10$goj0IVfhWQU6YncCR8TK6OVa49X49euCU5Nqd1i.PaaAJWwC9xjZy,840
chad,chad@example.com,$2a$10$5U/jTBdTzKKfOwU8RIQgDepBHZuhi43rixQwk7qP5feMdgyxwAmLm,841
dena,dena@example.com,$2a$10$tXe7vf6ikT1/Eu.hZV7QVO.QQvsxN8Sp9JgJ4Jy4Pe0hu7AkMDU9G,842
alexandro,alexandro@example.com,$2a$10$LHUYCRIGQOFAvzBRMcUTReBi9PSYo3kJuF7IPDiUG/Ld3x6W9Vwja,843
chaz,chaz@example.com,$2a$10$DDuyRVGum0o3h4LiBVmzAeeYAVFPlGjv8ZqM2bHmFSMKiQwYaSvOW,844
laurence,laurence@example.com,$2a$10$1j./7RBCcSKj7Fndq8fVmOXxInIgOFnyBxS5vEWvi8B6ABUm8XP1a,845
sage,sage@example.com,$2a$10$BnqZjPn9IlIuJo6Wf/Po2u89oTS65qAtVpsJ9GvqL3CusWiIUXaoK,846
kara,kara@example.com,$2a$10$bE/vs7xICVI4ehuzktgSo.mYVS696ueuPp8.akQC420wILUB/JrB2,847
lonzo,lonzo@example.com,$2a$10$HSzY6e.aOUiSszSEK9/ep.QZLeko9vzE00P59v.hq/D9tFT/95UjK,848
chelsea,chelsea@example.com,$2a$10$pkcW9o5zXX021C9.M3ewI.rFOyovLuRKMLjsM4QstSBCBjVZzt4Ce,849
lottie,lottie@example.com,$2a$10$Bba5hx7JBVUP1iPFb.OKWutL/DD8esanmvQY6tf/DBaSu3ZracDt.,850
nels,nels@example.com,$2a$10$vBVd.ipqplR6OX8ncTOPGeY0T6MnWs.cML0jGTCTmu8cKY.3MyBUC,851
felicita,felicita@example.com,$2a$10$8GUvaGBY33QVMRDewbWmVuXCD64tLiBAwn5ucVqeaC7NW79ef9Cf6,852
edmond,edmond@example.com,$2a$10$5i7/JUeRjTVsIZpWzCcIJeWQiFvJeuvKuA1HOaLra6HdJOrLJIqXq,853
leonardo,leonardo@example.com,$2a$10$.KvVVtvBq.NnDY2bw.zO4OC8Zufnepvy9MZeRMfTBCSvhni2oD.WS,854
jeremy,jeremy@example.com,$2a$10$3K6Uhuhxbf17jOjuYDK/U.ZoMQ7oLsY6dEmbISLi0A8lbvu0jmsh.,855
karson,karson@example.com,$2a$10$7phBF21bPihK3jrIBEtbfetLhlCTvpx2Rlwd.O6sPvaVjGLSt6frq,856
sheldon,sheldon@example.com,$2a$10$blLPjF46johPA1AtLSfqT.q3Q67M8CSty8KdY/3xWBVyQOkBMMTjG,857
mittie,mittie@example.com,$2a$10$DGfLDqD0SOd6c8aLG7V/7.27Zo6UKGzJ4rKbOIJuL7Grq8XYHlH4W,858
colin,colin@example.com,$2a$10$lvPZCaJEx7psnWoitNuIgeKYuVUSJUt43cIb3BGezK1hOC5Ms7bgC,859
merl,merl@example.com,$2a$10$Y2ukRywFdLJVZpb4UE/gFOI3YI6veWRJntkjJjptmt6xD8xg2RWmW,860
herminia,herminia@example.com,$2a$10$47foBaaC8J5Y6g0FAkjhWevTwjBBznlOH4B.HemwgWVrotYvPKB3u,861
sharon,sharon@example.com,$2a$10$kJdAp96vHDkj7UNGVCwP7upwmrQYiZPGpxWolGkSSA9A6ZlWxImfi,862
grover,grover@example.com,$2a$10$4aRsTjt7MIr77Bwd7tgKKOeJd0Sc1ToivAeIu3rGR40/AGdxbgJZ6,863
ray,ray@example.com,$2a$10$3CF/sXh..QJ.H/krBynViOHLieVCnq0ust9yUGnDgbC1TFMq1LQY2,864
eleanora,eleanora@example.com,$2a$10$.MINhT40bSfPg4PT53HhbukBLi/tmLqQyc78NpvnsuGtfNhZUARkK,865
sabrina,sabrina@example.com,$2a$10$Xx0xfwiU0M8ZfQLlhqauRePQsdlfba3gx.86ySIvXpqyObl8xrLie,866
elliot,elliot@example.com,$2a$10$l9SU.G6nOABvDw9dwR9td.2Civ.iLZYZvOdyV5XmB379oLsWlUZ8O,867
lauriane,lauriane@example.com,$2a$10$OgtGQAVeAKJBZEufL4e00.Sg12MlsW2w6631S0rNNe6fNS9Sklqbm,868
mariela,mariela@example.com,$2a$10$iaWds1Hv5AWPBU03wVCIy.cDUxAUqNlclIbYlrm7bscl/TGAge1Bi,869
adaline,adaline@example.com,$2a$10$dnHlfsgA9tH0jB.U5YMnX.BAo9sVQv5EgxAEKLQDj.fSSXmLDxMRK,870
arch,arch@example.com,$2a$10$SA64CMnQMZY2eB82fBGilelnsWJJwaSnHccrV8V31wuYoZ3PQ6vPG,871
hermann,hermann@example.com,$2a$10$PhUrEvfx6rW3AWhGqZ8nzu0dVx4rgilvkT//UaQyHfIK9sArlBbHW,872
alford,alford@example.com,$2a$10$bXo/DEgUdysn71wAy5DtrujjhBZbWdXe2PcVPRq193Oz5Le7EmmVW,873
ursula,ursula@example.com,$2a$10$z/r7VHjbq3BbnbwipW2KUur8wZRdQEmuH7VT0.FVlojsL5UqA.9ku,874
ada,ada@example.com,$2a$10$8vhQmXwFWAjWmyYVDLQRcuolMwYnNsdBoSsAyRuiRVOLh2lhSYZBy,875
moriah,moriah@example.com,$2a$10$FyVoCsBkn1KB9GBJ8dbBtOKpVxWQUbC.cdhP7XGzhEFrLC.EI5CI6,876
izabella,izabella@example.com,$2a$10$Pz5dlif2kukVEy3iBRi5PeqXYnnq7lDHGfOfgXR3AMkjHIXCgkRI.,877
destiny,destiny@example.com,$2a$10$4JoQmYKKFMW/KcIHRuULdeD0tz8ex3.rNwuHm2OmN/6Urmdro4z32,878
dino,dino@example.com,$2a$10$0OhnYu.TDQZ0/if52sIDRect3199Ww9/8FH2bSGC8MokJTcvs0Yai,879
webster,webster@example.com,$2a$10$9kUoYKhcNxdaBhm8UNsDUOGsimgjrylzQGsQ2KNU3fMCYuCwUqxrW,880
rachel,rachel@example.com,$2a$10$b91C8yJ.U0NpG0/tTqLjjuMbx4FU3LwrLGMTMqJfO0Zxo2SqiX.N2,881
ramon,ramon@example.com,$2a$10$P2rUXmlT2uSVdABR90AvnuU58V74.42uvUUQs9eQPojdV4mc8jT4O,882
brionna,brionna@example.com,$2a$10$8fFvklmPqepjiT.lGWx8/OEa/AG7R9T7g9X4zlcCPRSUEwnjGiDHG,883
eli,eli@example.com,$2a$10$6L05bI6ghKv8MdYoWtZ.o.nm5pGbhMpURJ67XGfILYCZJi5AgslqS,884
darien,darien@example.com,$2a$10$5NJPvBsc67S6sb8kGVzDFusrv2k6k3qFNG2gEIKePSX6dkddibO7K,885
makayla,makayla@example.com,$2a$10$as/KYiuiuqf5u0v3U5rekO8Ikjy5o3wxa9JVJvtK5UkMlBPX4tGaO,886
felicity,felicity@example.com,$2a$10$legCGS63uDsTTd7hbVVqUuzwUYcaufCG/QRidPC9wYIDmjrJsS0uO,887
selmer,selmer@example.com,$2a$10$64hT88FgZCPHbRZYKf3O5uCumlI4XBiKuEPtsgr0cZk5Ed.PL2uaa,888
angeline,angeline@example.com,$2a$10$AJ1TBe.5NJI97bRHgZxpru5AT5mrmrk06fIQCBmQSBDlrHtAaYZHa,889
daija,daija@example.com,$2a$10$bH3K8uTLp/UkehOeAagfaedJVenLVR.i4BLUC2ijmp.LayKJ1rkR2,890
marcel,marcel@example.com,$2a$10$RQpNwksigpDBte5mfwJjGODvERz0EpqNRKxcI8pN5RbluPRkPJNyi,891
connie,connie@example.com,$2a$10$IzbZLVl05XiXpk8eAGs1pe09uQKt.dVszevab0a3o.jj4BAywMzEm,892
anjali,anjali@example.com,$2a$10$jHgyaV7CMypBBX4Ip0dMg.5kUPyBt7ZYqrleIKAlFhBgm.6ClkMGm,893
anabelle,anabelle@example.com,$2a$10$GcVwmc48RaE1F1YWhglLHuP2LA0SHKVHeK8DLpLSNZYHLbFmfz/Zi,894
stuart,stuart@example.com,$2a$10$kINk5HaC6ujLG72S0cc/Bu8gMfz1gqcYE6pUKAEh9r0AsWStkYFYq,895
bradley,bradley@example.com,$2a$10$qq/yLRkpU7QDB5ei4bUg1OU5TDrIsfxH4wrY2Ne5UKyMRYeWSFMFi,896
armani,armani@example.com,$2a$10$njtUaGkBDS/ecJKCy1wIu.sTbilr6xVPfdMTM5nLLbQKQO6ZmVJ9q,897
kelsie,kelsie@example.com,$2a$10$Nuc.09ncc8EPVNu4omMMbuWKT6/IiL3FoXAVu4BOXQ1e4vBIfOpJW,898
paolo,paolo@example.com,$2a$10$Udvd5.jBT.s4x3IZwmpB9eC7si24HssAGimBETX7oI7fr9FmWVoPG,899
matteo,matteo@example.com,$2a$10$bMPl.7f6tgqMMY1TcEhdz.GJESUtlvoQrP2de15yvG.514RWuIufG,900
rosa,rosa@example.com,$2a$10$JuxSAOE4pflJM5/THJruVO3F3HTcox4V82zK2u1JCH3MK1QljVhbu,901
pearline,pearline@example.com,$2a$10$sslGWLPrYEKqk.SYza/en.9dJCn0NVyq2SPO56YMIGgFVmjl6v55q,902
ophelia,ophelia@example.com,$2a$10$hi2K3d8JHCESGIC.xn0fFuh8Y1EEFh7GA6KZ.N8VfeFa.Yk3Zv8eG,903
christ,christ@example.com,$2a$10$ad.7sNENUg.532ZoKbRiuuQpBhqOVVpFQHtFuswARVI82KZgBI7z2,904
keyshawn,keyshawn@example.com,$2a$10$6u8QTb7973Wz23blznsDteQceR5IiO9HVrckeXeWlL2cPdGxEPttO,905
aracely,aracely@example.com,$2a$10$6TfemK/AOgQqG2rcumO3wu3/IIXY3qCEj/lNbswFc1oTEhLTPhV22,906
molly,molly@example.com,$2a$10$QHbkHvNehc8nffN4i.r4pelPIenVZeYWNKw9jR7fGc6HYv7tXViC2,907
diamond,diamond@example.com,$2a$10$HWm8lbJYyn9ICQGto5VoVegMFlNgWIPjEEEYp/i.lb8DG7zWY7WyO,908
colten,colten@example.com,$2a$10$xB5wevUu2JJ1yFE2QG.3KeZU0UAybZWFLnek9IGzvmvCp18F/tyE6,909
hallie,hallie@example.com,$2a$10$py2ip876EJg83PQK47cCqOG04UmR9amHNYXzA.aSs36InbhZFKjb2,910
helena,helena@example.com,$2a$10$Anouf0jGQ.sECUbSca2bR.DfwKO7WSbcr3lib9u3xC/Svx7PMnhzm,911
franco,franco@example.com,$2a$10$FsAH6XC3mt.rqAv4C2Dd1Or3sLKjNNmV9lWOzfrYJja9aHLndynwO,912
benedict,benedict@example.com,$2a$10$b3o07mR6IKu5DpDunW7PaOPJq2onM7z4oAZvb8RDCNV22Nao6NsU6,913
daisha,daisha@example.com,$2a$10$3sqf1FZlyoRjomrPrsODT.W6qwB9xzSb1soI1/aw1/yckKnq.grfu,914
douglas,douglas@example.com,$2a$10$masmXMJm0fIRIMLO/v/UjeAAOxKcsSGW2Zo7gYM.taMfHt1EEEa6W,915
yvette,yvette@example.com,$2a$10$M/JRWHgubNeajgz9QkUWZeAdfWfiq02pA55DWgJDH8eKGLP2uiUga,916
floy,floy@example.com,$2a$10$8T3zZlh6Gghmge2BuSWUfeqCz/335RIS9kV2MHBOVGfBskGhR5hvm,917
dayne,dayne@example.com,$2a$10$cgmbl940eoW9owFENuJ1COwpnXGIo8eX4eP94dP45PwuH0Y0vmJba,918
dorothea,dorothea@example.com,$2a$10$4PWwWN99OcK0NCvOKMt7v.kChrz9wsJ9heefhx4m9aVQ.tZvGdOUW,919
bernita,bernita@example.com,$2a$10$zjLlZrxCWjPdnKmez37VqOqXe17I83snqs29rQA3j6x9lPvbDLHou,920
burley,burley@example.com,$2a$10$DR1kKMQOqWJtE.t1bXncjOd7muwkiGh0O0E5HSycNjtUy4Y5Zbdhe,921
roberta,roberta@example.com,$2a$10$DpAfGj8MnhID27IjKTUy2.ihFbl1nK13wnM8GKqxDL2u09YZYV7.q,922
ollie,ollie@example.com,$2a$10$au.B.AQVGsPaVGS2ytyOheFug1/h1eh9W4ehm.UIBRc37s.QueC1y,923
philip,philip@example.com,$2a$10$aYk7ycxfR.5dvs62aZqKY.pauOIRgFr.JmcHqPzemRk2PQSUyNKpO,924
beatrice,beatrice@example.com,$2a$10$CDEe/VK5AfmqFznoSM4OXu1UyOon56x0s5ILwYzEtOGQ3lfmkuBXW,925
constance,constance@example.com,$2a$10$rf/ue9RzDb3mx8ksAPWq1OfQMVwPkFVTZxsYFAnSDNqCt/dgKnyni,926
justine,justine@example.com,$2a$10$f5Ct9nNEJRlQ6eVVrGcvDujf2v0VWdxoOU/fqv0/iiBJznoQ3jfLW,927
ibrahim,ibrahim@example.com,$2a$10$zsAOYegc.YNb.zUmqhzZu.1FPZTtT.yBSmsf6dne5OSOW1TG5Dvcu,928
aaron,aaron@example.com,$2a$10$fCvV8IijRd6kEzJAZvWNYe6oFVz9z6IKW8O7YVxa52v3w7q0XVuSu,929
brandy,brandy@example.com,$2a$10$nQcXYeqs6eLxUHhiM6HggOIAmQYtjCEK6Sx4y.Z8m6eRZjMoYWYZu,930
rickey,rickey@example.com,$2a$10$pIllu/yglu69pvmRiMMaGeldTLWHPyTR2/P1RnhYVtrSyZw1P1Sk2,931
jillian,jillian@example.com,$2a$10$K5Gl4Liv5nb6mcN7hMrJ.uy4y4iixJB/XUjGpOzuvHjIv4gN0RjZu,932
dorian,dorian@example.com,$2a$10$PGF6RUIVzRV92nZkI1KrV.Z4IFM4fyPLxprpk0eGjJuwDj5m8nLuG,933
hazel,hazel@example.com,$2a$10$8EIIbapCaeoUKHSaT.GQMe2B4d4DcPLdZa//Xdy3UdCofoFpyWJ8u,934
liza,liza@example.com,$2a$10$INWJuP/6aPq1d5iaAJsEnOdqUThF0Qf5X/JGY1JSMKpe7yLwIDd6C,935
arthur,arthur@example.com,$2a$10$KZ6xOaJ/.kJ13/HyVsXjz.EAFdXSuCsKS60wbOttSRVjZwFAe0I9G,936
tremayne,tremayne@example.com,$2a$10$MvWLkeHyWN0hdUekmSaKDebk4uNHc2d4xTHmyvRo/hXWlCYi7kjZy,937
michael,michael@example.com,$2a$10$TJwxXB6dXEzjN7Gl5TtelOdK0dDzMs2STFRZCUAsejiiPjtXXv2Uy,938
marcia,marcia@example.com,$2a$10$SdlqFb/szeIYV3Drg3mNI.3LZKfzk6gp3oUygStk9mluU10teKueC,939
federico,federico@example.com,$2a$10$3aqF1cFsPAiG37oVINpKU.1SfH4Tw5l6k0AUKdxNRSp3klbpMnd3u,940
vicky,vicky@example.com,$2a$10$77qd8ZQ2YtsATUDFk2r.s.Sq863vHr3V6fweOK1qxJ9c.Drbvf7DW,941
karlie,karlie@example.com,$2a$10$tPEGCJwtkbpVKen4KXoIxeDfhEXz1AVJg9unUKEVzQVFTxRD6rpnm,942
hal,hal@example.com,$2a$10$vgJNpuVyj5Ri3I5bL4nPuuN1k8YzPJZX5d3b01rAV3e1Du453rfcO,943
desiree,desiree@example.com,$2a$10$mcj.wXcIWkY96eP.QpQ25O49SB2YA63htfY85kleVzMLJ652cLuBW,944
miguel,miguel@example.com,$2a$10$Xz7z4VWil10JA2C5LbrpZ.T4C2fmYPDAMZ0dTmK/5srq.IV6e9Xi.,945
vincenzo,vincenzo@example.com,$2a$10$IzAg2TXYjGaFki8g/C.OoOqI7zrOIAhzFJdeY1KnUI0GD/YjHJuSi,946
karina,karina@example.com,$2a$10$8q3aXPVh5LqUMl7H4Hyb5uaAf14CIpjZe9QEpYyf3SNqXQJ7ZB9OS,947
bianka,bianka@example.com,$2a$10$yNL.EmLjLzcMxGPqBxR7he1N2.tXgVYfScnu6/bpxMWhjW/EBqbmG,948
lazaro,lazaro@example.com,$2a$10$POFwn9o7SLyIq0KpeLEOsezKf6yBgNhyN/4zDw8Phe3JZrPTzejDy,949
paula,paula@example.com,$2a$10$tM.8drWY6w704nrUMJurc..EnvWNQWzkjAQTYUlfdorU0fb4FYIsW,950
elaina,elaina@example.com,$2a$10$UbrZqYxwUv7osxSxKYCig.wfBQKUTSXxNXCpAItR29GHXaX2j5P/.,951
breanna,breanna@example.com,$2a$10$gBDWSbEDDF08TbxiXyMqeeAF0p8pP.zKLzjqdBoxJOb2tksGW69MW,952
macey,macey@example.com,$2a$10$8QibDAcuIgfWsNusTKPsnOtBm6i0BfNENzslKQK0FVawTgARielxK,953
warren,warren@example.com,$2a$10$CFy8u0Mc/Zs1ZVh3m4hKFewNUzXQX2WHJpm/tAnfDYvoAdV2RSfNC,954
wellington,wellington@example.com,$2a$10$l25.ryG0KPVTYTrz9YdV6.nShX4pX8efQ2iuRoWRJ9lreFz.iXGg.,955
maybell,maybell@example.com,$2a$10$uO8qZiTcrIov3WJBVya9h.PSdZiMAOiNVcbi0tjDOg0JsWO1JS6Oi,956
angus,angus@example.com,$2a$10$0wgcrwDsJOM60huVqAYWfOnc7uG/J1BPX9/KMjrIVMjN2cFohPjBW,957
imelda,imelda@example.com,$2a$10$Nt3KmZ3WFibBgX1Bxm8BYugh3YnFosqINg1p.XHqf08/IJr/7810K,958
zita,zita@example.com,$2a$10$oHzRtp5H.IyFXiNdfsxu7u1/vaesxwwusGr0s26S5.Pprs00kToUq,959
letha,letha@example.com,$2a$10$JAAsYDSOLpXpFTp3g8fyiO6a/8tWoaHGQnyB4Jf6EK1.wxQPC2YwO,960
rasheed,rasheed@example.com,$2a$10$JW28ofKWQnCUoYUU2ay4nOxGRIFVlpM1OnThMWy6sDURIFfUKqmIa,961
chaim,chaim@example.com,$2a$10$0tgvW1QnAW/sAcfgtc034OlBrCVqt1BF9Sx42.ztbO0aTTp22tFTy,962
lyric,lyric@example.com,$2a$10$SlIMntT3w8y6iZhjNfbjcOPjS8DFqUjZ3gaegN.W7tXqum5zSUoFi,963
hailey,hailey@example.com,$2a$10$YhA.9sMjkXSZN42r0svzLe3x/xDxQB078C/if8MA9pICUshIwSMki,964
miles,miles@example.com,$2a$10$jcwi0SbMKtyLrCZC.NUkn.K7H92NroglcXji7gz4ayfyftzmyXXGy,965
ryder,ryder@example.com,$2a$10$SWCOFKcAa9o22voswmxgxOMVB7wqjnTBQbKAhZtyNagvPiOYS6YT6,966
samanta,samanta@example.com,$2a$10$XkZCrsg9w5/xy/cLzdgZU.N9w0UZabdN04yJZdZuRCworGmTRmSbO,967
ivory,ivory@example.com,$2a$10$UzxD0NLPGOnCEM0jQ5aMwOGgw5WrbjCX/e50EGU/C5ojjhtpRNUt6,968
humberto,humberto@example.com,$2a$10$Ze3FMQfslGyexYa3zY3IquQ0Xq/u4C/wSO4blN/gx8brMqzSGfA/e,969
harrison,harrison@example.com,$2a$10$El7onzVC/m5MKKvTtfA4T.niFkRlErBp4MDrjAFTjzvrVrhyPQTsG,970
bulah,bulah@example.com,$2a$10$SVEvR3UqP9CCHgOYH.NHOuSLYdxcDJ.fgshJcahZRdOYJRgwY9uvG,971
ashly,ashly@example.com,$2a$10$VAsuGPIUQS419sFURMaJMuycKjLGMW57smlPQCab1TO/onDPvwKHG,972
lizzie,lizzie@example.com,$2a$10$6T2BFad75HK4Jy1/QaKPTeBq8z3vJDWZC8XdCYtNg8aI5UUbTTEtC,973
graham,graham@example.com,$2a$10$ab9SSAqQDRemw45bd1SJaeQ5dtOh37wUjEHk5FQxGd/F0QpP2IN0u,974
cleora,cleora@example.com,$2a$10$gBYiXQkt1KJDxUEPKkA2bentngLgI7LsyEiOp0jFWkvTMYnZaKBaS,975
maurine,maurine@example.com,$2a$10$g9MOWY.Jb5qN3y.hc7O9eujuPxgyGDUhOFhwiRGJkrIxXQWZETkYm,976
gaetano,gaetano@example.com,$2a$10$ZzIbw.c4AqrKvTFmcPnQqexJ8hwk.wtH6L6JFJtTr5qD6M6z7CmDK,977
mariano,mariano@example.com,$2a$10$WD/xFaO2IYpVDVPbqzh3JuSaVDyJm4zf84VF9s9s1fjm5sj8F6Mwi,978
alfonso,alfonso@example.com,$2a$10$iMW3SJ5wW/puq3O2TZiSGeAMmbxKmF7863Ryd.YPGoBnkKOMuw1h2,979
keyon,keyon@example.com,$2a$10$ZhXOQZp4r9OOf8.CBVb5XeZQty8y5dNY5bQmNiHLZtzwmn3.IfXWG,980
kattie,kattie@example.com,$2a$10$U2Jbn/2KluiWs7XslIEon.vc1zA0fFdzNveE5tnE8/uvgOm7RvAjm,981
rae,rae@example.com,$2a$10$8mKHc9qQkJg5V7HtNnDcEeX1CPF5.wMK.XLzUJRnxcrEdJI22GzwS,982
jo,jo@example.com,$2a$10$T8ZoL85iTJmtGEZAq4EQvOhnJn6PiPkphyc7z.tPVeY1fWHWUDrtu,983
dana,dana@example.com,$2a$10$rL2iMzuqt.aSP7l.zlMSrOcOpu.Nf.2.bctw2HUmahAQ9GsUkTPHW,984
evelyn,evelyn@example.com,$2a$10$/5jmobUohW8rGprlAp5W1eqN0zoUDeycAcOG.8TVfFsSgZOMO.Wpa,985
oral,oral@example.com,$2a$10$xknyT6drgD2LWC4LVOO3leuR.wgSt1chXBEKcP0NDLklTFe3KCasu,986
emilie,emilie@example.com,$2a$10$TtVbecLC0rn20qtxkrIz1eOWz5Eo6XBHPNwl8xIgGczkE5d148Hu6,987
katherine,katherine@example.com,$2a$10$JdLaJy8AwJ1Zw9i6uKfNtuSA5pBRMqRI0Ewp59A3gnFI4EKSMuV/K,988
tyshawn,tyshawn@example.com,$2a$10$lQ0Vyf49L4VsQagTGvtRzOAkt3Hg.mwAxqd2lPKPUSwV5hOFIfWAG,989
everette,everette@example.com,$2a$10$b.zt.39kD2pcMkjy4xi.7.JRcr7CtE2eBOTiP0xkfu53tDdCPoQ3O,990
phyllis,phyllis@example.com,$2a$10$GljSdyHSLnS1LqZrE5egweeu2R0kqZ0bLk.jogfFmzDIPIUBLxeha,991
kaylah,kaylah@example.com,$2a$10$PwUiUE1w3RZ8Hn0MObiUguDTBnIfsdbPG9IRbcHlZMKlARwGGC..e,992
leonie,leonie@example.com,$2a$10$WgpkcS.RgnPSw/mVJkyiC.baSdRMU8Ndac5hovueVy7KlGhC8oa1K,993
jon,jon@example.com,$2a$10$Jadcuhf9412fo/4Vk9tW6eu9puGJVdtBLChXbjhU1pPebS01HlNpq,994
jan,jan@example.com,$2a$10$G5DODk1BfTP2t5aUA9/MzeJJ7agKrgEFY1oz/j5CgGpbI4LDLGalW,995
rory,rory@example.com,$2a$10$1pQlNcuGSlo1FN9BGt3O3uHxchxrp85S5mGmFJbwJy5lwg9Y9Em9.,996
darron,darron@example.com,$2a$10$CEAL6wHenfxxRJQu8f8G6eoYgvf.xTJRqenpP1mlsCuzH/.r99aBK,997
verla,verla@example.com,$2a$10$TIpxw7dDjUdpNm/K0i4fJOgGWXXolVX2kRgKm.tduBcvEMf8xOZVK,998
dillan,dillan@example.com,$2a$10$jyg9midM4Xa/./4IHb.A3e.UNsCyJyYxnn17FkdkYBMFDfMSd/FLK,999
ahmed,ahmed@example.com,$2a$10$TAs8zkaYg404YdEkXUVsC.la7e2bcGCg/e4tsQiI/2o62uQsDYiw.,1000
